Library,CNAME,Library_Isomer,Formula,Monoisotopic_mass,HMDBID,KEGGID,Column,Adduct,mz_lib,time_lib,PUBCHEM,ChEBI,METLIN
Ken-HFQE,BETA-ALANINE,Y,C3H7NO2,89.0477,HMDB0000056,C00099,C18,M-H,88.040404,24.7,239,16958,5119
Ken-HFQE,SARCOSINE,Y,C3H7NO2,89.0477,HMDB0000271,C00213,C18,M-H,88.040404,24.7,1088,15611,51
Ken-HFQE,L-ALANINE,Y,C3H7NO2,89.0477,HMDB0000161,C00041,C18,M-H,88.040404,25.6,5950,16977,NA
Ken-HFQE,D-ALANINE,Y,C3H7NO2,89.0477,HMDB0001310,C00133,C18,M-H,88.040404,24,71080,15570,NA
Ken-HFQE,(S)-LACTATE,Y,C3H6O3,90.0317,HMDB0000190,C00186,C18,M-H,89.024424,22.2,107689,422,5205
Ken-HFQE,GLYCERALDEHYDE,Y,C3H6O3,90.0317,HMDB0001051,C02154,C18,M-H,89.024424,22.9,751,5445,NA
Ken-HFQE,PUTRESCINE,Y,C4H12N2,88.10004839,HMDB0001414,C00134,HILIC,M+H,89.1073,73,1045,17148,3226
Ken-HFQE,PUTRESCINE,Y,C4H12N2,88.10004839,HMDB0001414,C00134,HILIC,M+H,89.1073,88.4,1045,17148,3226
Ken-HFQE,BETA-ALANINE,Y,C3H7NO2,89.04767847,HMDB0000056,C00099,HILIC,M+H,90.055,70,239,16958,5119
Ken-HFQE,SARCOSINE,Y,C3H7NO2,89.04767847,HMDB0000271,C00213,HILIC,M+H,90.055,73,1088,15611,51
Ken-HFQE,L-ALANINE,Y,C3H7NO2,89.04767847,HMDB0000161,C00041,HILIC,M+H,90.055,59,5950,16977,NA
Ken-HFQE,L-ALANINE,Y,C3H7NO2,89.04767847,HMDB0000161,C00041,HILIC,M+H,90.055,71,5950,16977,NA
Ken-HFQE,D-ALANINE,Y,C3H7NO2,89.04767847,HMDB0001310,C00133,HILIC,M+H,90.055,72.3,71080,15570,NA
Ken-HFQE,ANILINE,Y,C6H7N,93.05784923,HMDB0003012,C00292,HILIC,M+H,94.0651,36,6115,17296,489
Ken-HFQE,ANILINE,Y,C6H7N,93.05784923,HMDB0003012,C00292,HILIC,M+H,94.0651,50,6115,17296,489
Ken-HFQE,4-AMINOBUTANOATE,Y,C4H9NO2,103.0633,HMDB0000112,C00334,C18,M-H,102.056054,20.4,119,16865,NA
Ken-HFQE,3-AMINOISOBUTANOATE,Y,C4H9NO2,103.0633,HMDB0003911,C05145,C18,M-H,102.056054,19.9,64956,27389,5472
Ken-HFQE,2-AMINO-2-METHYLPROPANOATE,Y,C4H9NO2,103.0633,HMDB0001906,C03665,C18,M-H,102.056054,24.6,6119,27971,37
Ken-HFQE,4-AMINOBUTANOATE,Y,C4H9NO2,103.0633,HMDB0000112,C00334,C18,M-H,102.056054,20.4,119,16865,NA
Ken-HFQE,MALONATE,Y,C3H4O4,104.011,HMDB0000691,C04025,C18,M-H,103.003684,20,867,30794,3237
Ken-HFQE,HYDROXYPYRUVATE,Y,C3H4O4,104.0109586,HMDB0001352,C00168,C18,M-H,103.003684,21,NA,NA,NA
Ken-HFQE,ALPHA-HYDROXYISOBUTYRIC ACID,Y,C4H8O3,104.0473,HMDB0000729,NA,C18,M-H,103.040074,24.1,11671,50129,3750
Ken-HFQE,3-HYDROXYBUTANOIC ACID,Y,C4H8O3,104.0473,HMDB0000011,C01089,C18,M-H,103.040074,22.8,92135,17066,NA
Ken-HFQE,4-AMINOBUTANOATE,Y,C4H9NO2,103.0633285,HMDB0000112,C00334,HILIC,M+H,104.0706,70.2,119,16865,NA
Ken-HFQE,3-AMINOISOBUTANOATE,Y,C4H9NO2,103.0633285,HMDB0003911,C05145,HILIC,M+H,104.0706,70.5,64956,27389,5472
Ken-HFQE,2-AMINO-2-METHYLPROPANOATE,Y,C4H9NO2,103.0633285,HMDB0001906,C03665,HILIC,M+H,104.0706,70.2,6119,27971,37
Ken-HFQE,4-AMINOBUTANOATE,Y,C4H9NO2,103.0633285,HMDB0000112,C00334,HILIC,M+H,104.0706,70.2,119,16865,NA
Ken-HFQE,CHOLINE,Y,C5H14NO,103.1002631,HMDB0000097,C00114,HILIC,M+H,104.107,38,305,15354,56
Ken-HFQE,CHOLINE,Y,C5H14NO,103.1002631,HMDB0000097,C00114,HILIC,M+H,104.107,50,305,15354,56
Ken-HFQE,MALEIC ACID,Y,C4H4O4,116.011,HMDB0000176,C01384,C18,M-H,115.003684,22.2,444266,18300,NA
Ken-HFQE,FUMARATE,Y,C4H4O4,116.011,HMDB0000134,C00122,C18,M-H,115.003684,21,444972,18012,3242
Ken-HFQE,L-PROLINE,Y,C5H9NO2,115.0633285,HMDB0000162,C00148,HILIC,M+H,116.0706,65,145742,17203,29
Ken-HFQE,L-PROLINE,Y,C5H9NO2,115.0633285,HMDB0000162,C00148,HILIC,M+H,116.0706,108,145742,17203,29
Ken-HFQE,L-VALINE,Y,C5H11NO2,117.079,HMDB0000883,C00183,C18,M-H,116.071704,25.6,6287,16414,5842
Ken-HFQE,L-NORVALINE,Y,C5H11NO2,117.079,HMDB0013716,C01826,C18,M-H,116.071704,26,439575,28804,NA
Ken-HFQE,5-AMINOPENTANOATE,Y,C5H11NO2,117.079,HMDB0003355,C00431,C18,M-H,116.071704,24.5,138,15887,6902
Ken-HFQE,SUCCINATE,Y,C4H6O4,118.0266,HMDB0000254,C00042,C18,M-H,117.019334,21.4,1738118,15741,NA
Ken-HFQE,METHYLMALONATE,Y,C4H6O4,118.0266,HMDB0000202,C02170,C18,M-H,117.019334,22.2,487,30860,3712
Ken-HFQE,L-THREONINE,Y,C4H9NO3,119.0582,HMDB0000167,C00188,C18,M-H,118.050964,23,6288,16857,32
Ken-HFQE,HOMOSERINE,Y,C4H9NO3,119.0582,HMDB0000719,C00263,C18,M-H,118.050964,24.1,12647,15699,5687
Ken-HFQE,L-ALLOTHREONINE,Y,C4H9NO3,119.0582,HMDB0004041,C05519,C18,M-H,118.050964,22.2,99289,28718,7007
Ken-HFQE,L-VALINE,Y,C5H11NO2,117.0789786,HMDB0000883,C00183,HILIC,M+H,118.0863,52,6287,16414,5842
Ken-HFQE,L-VALINE,Y,C5H11NO2,117.0789786,HMDB0000883,C00183,HILIC,M+H,118.0863,62,6287,16414,5842
Ken-HFQE,BETAINE,Y,C5H11NO2,117.0789786,HMDB0000043,C00719,HILIC,M+H,118.0863,64.1,248,41139,NA
Ken-HFQE,L-NORVALINE,Y,C5H11NO2,117.0789786,HMDB0013716,C01826,HILIC,M+H,118.0863,52.9,439575,28804,NA
Ken-HFQE,5-AMINOPENTANOATE,Y,C5H11NO2,117.0789786,HMDB0003355,C00431,HILIC,M+H,118.0863,39,138,15887,6902
Ken-HFQE,L-THREONINE,Y,C4H9NO3,119.0582432,HMDB0000167,C00188,HILIC,M+H,120.0655,76.6,6288,16857,32
Ken-HFQE,HOMOSERINE,Y,C4H9NO3,119.0582432,HMDB0000719,C00263,HILIC,M+H,120.0655,76.7,12647,15699,5687
Ken-HFQE,L-ALLOTHREONINE,Y,C4H9NO3,119.0582432,HMDB0004041,C05519,HILIC,M+H,120.0655,75.7,99289,28718,7007
Ken-HFQE,3-HYDROXYBENZALDEHYDE,Y,C7H6O2,122.0367794,NA,C03067,C18,M-H,121.029504,37.8,NA,NA,NA
Ken-HFQE,BENZOATE,Y,C7H6O2,122.0368,HMDB0001870,C00539,C18,M-H,121.029504,22.8,243,30746,1297
Ken-HFQE,BENZOATE,Y,C7H5O2,122.0368,HMDB0001870,C00539,C18,M-H,121.029504,30,243,30746,1297
Ken-HFQE,NICOTINATE,Y,C6H5NO2,123.032,HMDB0001488,C00253,C18,M-H,122.024754,20,938,15940,6272
Ken-HFQE,PICOLINIC ACID,Y,C6H5NO2,123.032,HMDB0002243,C10164,C18,M-H,122.024754,24.6,1018,28747,NA
Ken-HFQE,3-HYDROXYBENZYL ALCOHOL,Y,C7H8O2,124.0524,HMDB0059712,C03351,C18,M-H,123.045154,30,102,17069,NA
Ken-HFQE,4-METHYLCATECHOL,Y,C7H8O2,124.0524,HMDB0000873,C06730,C18,M-H,123.045154,39,9958,17254,5834
Ken-HFQE,NICOTINATE,Y,C6H5NO2,123.0320284,HMDB0001488,C00253,HILIC,M+H,124.0393,35.3,938,15940,6272
Ken-HFQE,PICOLINIC ACID,Y,C6H5NO2,123.0320284,HMDB0002243,C10164,HILIC,M+H,124.0393,41.1,1018,28747,NA
Ken-HFQE,5-OXO-D-PROLINE,Y,C5H7NO3,129.04259,HMDB0000267,C01879,C18,M-H,128.035314,21,NA,NA,NA
Ken-HFQE,5-OXO-L-PROLINE,Y,C5H7NO3,129.0426,HMDB0000267,C01879,C18,M-H,128.035314,20.6,7405,18183,NA
Ken-HFQE,PIPECOLATE,Y,C6H11NO2,129.079,HMDB0000070,C00408,C18,M-H,128.071704,26,849,17964,50
Ken-HFQE,L-PIPECOLIC ACID,Y,C6H11NO2,129.079,HMDB0000716,C00408,C18,M-H,128.071704,25.8,439227,30913,5684
Ken-HFQE,2-METHYLMALEATE,Y,C5H6O4,130.0266,HMDB0000634,C02226,C18,M-H,129.019334,21.6,643798,17626,5607
Ken-HFQE,ITACONATE,Y,C5H6O4,130.0266,HMDB0002092,C00490,C18,M-H,129.019334,22.2,811,30838,6483
Ken-HFQE,5-OXO-D-PROLINE,Y,C5H7NO3,129.0425931,HMDB0000805,C01879,HILIC,M+H,130.0499,40.3,NA,NA,NA
Ken-HFQE,5-OXO-L-PROLINE,Y,C5H7NO3,129.0425931,HMDB0000267,C01879,HILIC,M+H,130.0499,39.5,7405,18183,NA
Ken-HFQE,TRANS-4-HYDROXYPROLINE,Y,C5H9NO3,131.0582,HMDB0000725,C01157,C18,M-H,130.050964,21.6,5810,18095,257
Ken-HFQE,4-HYDROXY-L-PROLINE,Y,C5H9NO3,131.05824,HMDB0000725,C01157,C18,M-H,130.050964,21.5,NA,NA,NA
Ken-HFQE,5-AMINOLEVULINIC ACID,Y,C5H9NO3,131.0582,HMDB0001149,C00430,C18,M-H,130.050964,20.4,137,17549,6037
Ken-HFQE,N-ACETYL-L-ALANINE,Y,C5H9NO3,131.0582,HMDB0000766,NA,C18,M-H,130.050964,21.1,88064,40992,5733
Ken-HFQE,CIS-4-HYDROXY-D-PROLINE,Y,C5H9NO3,131.0582,HMDB0060460,C03440,C18,M-H,130.050964,22,440014,16231,NA
Ken-HFQE,PIPECOLATE,Y,C6H11NO2,129.0789786,HMDB0000070,C00408,HILIC,M+H,130.0863,60.6,849,17964,50
Ken-HFQE,L-PIPECOLIC ACID,Y,C6H11NO2,129.0789786,HMDB0000716,C00408,HILIC,M+H,130.0863,60.2,439227,30913,5684
Ken-HFQE,L-ISOLEUCINE,Y,C6H13NO2,131.0946,HMDB0000172,C00407,C18,M-H,130.087354,25,6306,17191,5193
Ken-HFQE,LEUCINE,Y,C6H13NO2,131.09463,HMDB0000687,C16439,C18,M-H,130.087354,25.5,NA,NA,NA
Ken-HFQE,NORLEUCINE,Y,C6H13NO2,131.0946,HMDB0001645,C01933,C18,M-H,130.087354,24.7,21236,18347,6334
Ken-HFQE,GLUTARATE,Y,C5H8O4,132.0423,HMDB0000661,C00489,C18,M-H,131.034984,24.6,743,17859,3254
Ken-HFQE,ETHYLMALONIC ACID,Y,C5H8O4,132.0423,HMDB0000622,NA,C18,M-H,131.034984,21,11756,741548,4180
Ken-HFQE,D-ORNITHINE,Y,C5H12N2O2,132.0899,HMDB0003374,C00515,C18,M-H,131.082598,21.2,71082,16176,6910
Ken-HFQE,L-ORNITHINE,Y,C5H12N2O2,132.0899,HMDB0000214,C00077,C18,M-H,131.082598,21.6,6262,15729,27
Ken-HFQE,TRANS-4-HYDROXYPROLINE,Y,C5H9NO3,131.0582432,HMDB0000725,C01157,HILIC,M+H,132.0655,75,5810,18095,257
Ken-HFQE,4-HYDROXY-L-PROLINE,Y,C5H9NO3,131.0582432,HMDB0000725,C01157,HILIC,M+H,132.0655,77.4,NA,NA,NA
Ken-HFQE,5-AMINOLEVULINIC ACID,Y,C5H9NO3,131.0582432,HMDB0001149,C00430,HILIC,M+H,132.0655,45,137,17549,6037
Ken-HFQE,5-AMINOLEVULINIC ACID,Y,C5H9NO3,131.0582432,HMDB0001149,C00430,HILIC,M+H,132.0655,70,137,17549,6037
Ken-HFQE,N-ACETYL-L-ALANINE,Y,C5H9NO3,131.0582432,HMDB0000766,NA,HILIC,M+H,132.0655,36,88064,40992,5733
Ken-HFQE,CIS-4-HYDROXY-D-PROLINE,Y,C5H9NO3,131.0582432,HMDB0060460,C03440,HILIC,M+H,132.0655,75,440014,16231,NA
Ken-HFQE,CREATINE,Y,C4H9N3O2,131.0694765,HMDB0000064,C00300,HILIC,M+H,132.0768,55.2,586,16919,7
Ken-HFQE,CREATINE,Y,C4H9N3O2,131.0694765,HMDB0000064,C00300,HILIC,M+H,132.0768,72,586,16919,7
Ken-HFQE,L-ISOLEUCINE,Y,C6H13NO2,131.0946287,HMDB0000172,C00407,HILIC,M+H,132.1018,46.1,6306,17191,5193
Ken-HFQE,LEUCINE,Y,C6H13NO2,131.0946287,HMDB0000687,C00123,HILIC,M+H,132.1018,46.8,6106,15603,24
Ken-HFQE,NORLEUCINE,Y,C6H13NO2,131.0946287,HMDB0001645,C01933,HILIC,M+H,132.1018,46.9,21236,18347,6334
Ken-HFQE,(S)-MALATE,Y,C4H6O5,134.0215,HMDB0000156,C00149,C18,M-H,133.014254,21.2,222656,30797,NA
Ken-HFQE,(R)-MALATE,Y,C4H6O5,134.0215,HMDB0031518,C00497,C18,M-H,133.014254,21.2,92824,30796,NA
Ken-HFQE,L-ASPARAGINE,Y,C4H8N2O3,132.0534921,HMDB0000168,C00152,HILIC,M+H,133.0608,91,6267,17196,14
Ken-HFQE,3-UREIDOPROPIONATE,Y,C4H8N2O3,132.0534921,HMDB0000026,C02642,HILIC,M+H,133.0608,39.5,NA,18261,NA
Ken-HFQE,D-ORNITHINE,Y,C5H12N2O2,132.0898776,HMDB0003374,C00515,HILIC,M+H,133.0972,110,71082,16176,6910
Ken-HFQE,L-ORNITHINE,Y,C5H12N2O2,132.0898776,HMDB0000214,C00077,HILIC,M+H,133.0972,109.5,6262,15729,27
Ken-HFQE,D-ASPARTATE,Y,C4H7NO4,133.0375077,HMDB0006483,C00402,HILIC,M+H,134.0448,87.3,83887,17364,15
Ken-HFQE,L-ASPARTATE,Y,C4H7NO4,133.0375077,HMDB0000191,C00049,HILIC,M+H,134.0448,85.2,5960,17053,5206
Ken-HFQE,ADENINE,Y,C5H5N5,135.0545,HMDB0000034,C00147,C18,M-H,134.047224,25.6,190,16708,85
Ken-HFQE,ADENINE,Y,C5H5N5,135.0545,HMDB0000034,C00147,C18,M-H,134.047224,25.2,190,16708,85
Ken-HFQE,PHENYL ACETATE,Y,C8H8O2,136.0524,HMDB0000209,C07086,C18,M-H,135.045154,31.8,999,30745,129
Ken-HFQE,PHENYLACETIC ACID,Y,C8H8O2,136.0524,HMDB0000209,C07086,C18,M-H,135.045154,26.4,999,30745,129
Ken-HFQE,4-AMINOBENZOATE,Y,C7H7NO2,137.0477,HMDB0001392,C00568,C18,M-H,136.040404,25.8,978,30753,3261
Ken-HFQE,ANTHRANILATE,Y,C7H7NO2,137.0477,HMDB0001123,C00108,C18,M-H,136.040404,26.4,227,30754,6018
Ken-HFQE,SALICYLAMIDE,Y,C7H7NO2,137.0477,HMDB0015687,NA,C18,M-H,136.040404,36,5147,32114,NA
Ken-HFQE,ADENINE,Y,C5H5N5,135.0544952,HMDB0000034,C00147,HILIC,M+H,136.0618,42.6,190,16708,85
Ken-HFQE,ADENINE,Y,C5H5N5,135.0544952,HMDB0000034,C00147,HILIC,M+H,136.0618,43.2,190,16708,85
Ken-HFQE,4-HYDROXYBENZOATE,Y,C7H6O3,138.0317,HMDB0000500,C00156,C18,M-H,137.024424,24,135,30763,5486
Ken-HFQE,3-HYDROXYBENZOATE,Y,C7H6O3,138.0317,HMDB0002466,C00587,C18,M-H,137.024424,24,7420,30764,6690
Ken-HFQE,SALICYLATE,Y,C7H6O3,138.0317,HMDB0001895,C00805,C18,M-H,137.024424,24,338,16914,616
Ken-HFQE,TRIGONELLINE,Y,C7H7NO2,137.0476785,HMDB0000875,C01004,HILIC,M+H,138.055,67.6,5570,18123,273
Ken-HFQE,4-AMINOBENZOATE,Y,C7H7NO2,137.0476785,HMDB0001392,C00568,HILIC,M+H,138.055,30,978,30753,3261
Ken-HFQE,ANTHRANILATE,Y,C7H7NO2,137.0476785,HMDB0001123,C00108,HILIC,M+H,138.055,30,227,30754,6018
Ken-HFQE,TYRAMINE,Y,C8H11NO,137.084064,HMDB0000306,C00483,HILIC,M+H,138.0913,31.1,5610,15760,60
Ken-HFQE,2-Hydroxyphenethylamine (IROA called Phenylethanolamine),Y,C8H11NO,137.084064,HMDB0001065,C02735,HILIC,M+H,138.0913,31.7,1000,16343,59
Ken-HFQE,ETHANOLAMINE PHOSPHATE,Y,C2H8NO4P,141.0191,HMDB0000224,C00346,C18,M-H,140.011824,49,1015,17553,5233
Ken-HFQE,2-AMINOETHYL DIHYDROGEN PHOSPHATE,Y,C2H8NO4P,141.0191,HMDB0000224,C00346,C18,M-H,140.011824,30,1015,17553,5233
Ken-HFQE,ETHANOLAMINE PHOSPHATE,Y,C2H8NO4P,141.0190943,HMDB0000224,C00346,HILIC,M+H,142.0264,125,1015,17553,5233
Ken-HFQE,2-AMINOETHYL DIHYDROGEN PHOSPHATE,Y,C2H8NO4P,141.0190943,HMDB0000224,C00346,HILIC,M+H,142.0264,126.7,1015,17553,5233
Ken-HFQE,3-METHYGLUTARIC ACID,Y,C6H10O4,146.0579,HMDB0000752,NA,C18,M-H,145.050634,21.6,12284,68566,5720
Ken-HFQE,MONO-METHYL GLUTARATE,Y,C6H10O4,146.0579,HMDB0000858,NA,C18,M-H,145.050634,25.8,73917,86396,5821
Ken-HFQE,2-METHYLGLUTARIC ACID,Y,C6H10O4,146.0579,HMDB0000422,NA,C18,M-H,145.050634,22.2,12046,68567,5411
Ken-HFQE,ADIPIC ACID,Y,C6H10O4,146.0579,HMDB0000448,C06104,C18,M-H,145.050634,22.8,196,30832,115
Ken-HFQE,L-LYSINE,Y,C6H14N2O2,146.1055,HMDB0000182,C00047,C18,M-H,145.098254,33.5,5962,18019,5200
Ken-HFQE,L-LYSINE,Y,C6H14N2O2,146.1055,HMDB0000182,C00047,C18,M-H,145.098254,69.1,5962,18019,5200
Ken-HFQE,N-METHYL-D-ASPARTIC ACID,Y,C5H9NO4,147.0532,HMDB0002393,C12269,C18,M-H,146.045884,19.6,22880,31882,6662
Ken-HFQE,O-ACETYL-L-SERINE,Y,C5H9NO4,147.0532,HMDB0003011,C00979,C18,M-H,146.045884,20.8,99478,17981,3270
Ken-HFQE,N-ACETYL-DL-SERINE,Y,C5H9NO4,147.0531578,NA,NA,C18,M-H,146.045884,21,NA,NA,NA
Ken-HFQE,DEOXYCARNITINE (Butyrobetaine),Y,C7H15NO2,145.1102787,HMDB0001161,C01181,HILIC,M+H,146.1176,65.9,725,16244,NA
Ken-HFQE,ACETYLCHOLINE,Y,C7H16NO2,145.1108278,HMDB0000895,C01996,HILIC,M+H,146.1176,31.9,187,15355,57
Ken-HFQE,SPERMIDINE,Y,C7H19N3,145.1578976,HMDB0001257,C00315,HILIC,M+H,146.1652,121,1102,16610,254
Ken-HFQE,SPERMIDINE,Y,C7H19N3,145.1578976,HMDB0001257,C00315,HILIC,M+H,146.1652,300,1102,16610,254
Ken-HFQE,SPERMIDINE,Y,C7H19N3,145.1578976,HMDB0001257,C00315,HILIC,M+H,146.1652,117,1102,16610,254
Ken-HFQE,SPERMIDINE,Y,C7H19N3,145.1578976,HMDB0001257,C00315,HILIC,M+H,146.1652,288,1102,16610,254
Ken-HFQE,L-LYSINE,Y,C6H14N2O2,146.1055277,HMDB0000182,C00047,HILIC,M+H,147.1128,105,5962,18019,5200
Ken-HFQE,L-LYSINE,Y,C6H14N2O2,146.1055277,HMDB0000182,C00047,HILIC,M+H,147.1128,103.6,5962,18019,5200
Ken-HFQE,L-GLUTAMIC ACID,Y,C5H9NO4,147.0531578,HMDB0000148,C00025,HILIC,M+H,148.0604,80,33032,16015,NA
Ken-HFQE,N-METHYL-D-ASPARTIC ACID,Y,C5H9NO4,147.0531578,HMDB0002393,C12269,HILIC,M+H,148.0604,77.4,22880,31882,6662
Ken-HFQE,O-ACETYL-L-SERINE,Y,C5H9NO4,147.0531578,HMDB0003011,C00979,HILIC,M+H,148.0604,84.9,99478,17981,3270
Ken-HFQE,N-ACETYL-DL-SERINE,Y,C5H9NO4,147.0531578,NA,NA,HILIC,M+H,148.0604,42,NA,NA,NA
Ken-HFQE,"(R,R)-TARTARIC ACID",Y,C4H6O6,150.0164,HMDB0000956,C00898,C18,M-H,149.009164,25,444305,15671,NA
Ken-HFQE,"(S,S)-TARTARIC ACID",Y,C4H6O6,150.0164,HMDB0029878,C02107,C18,M-H,149.009164,20.4,439655,15672,NA
Ken-HFQE,GLYCERATE,Y,C3H6O4,106.0266087,HMDB0000139,C00258,HILIC,M+2Na-H,150.9978,43.2,439194,32398,280
Ken-HFQE,D-GLYCERIC ACID,Y,C3H6O4,106.0266087,HMDB0000139,C00258,HILIC,M+2Na-H,150.9978,43.6,439194,32398,280
Ken-HFQE,MANDELIC ACID,Y,C8H8O3,152.0473,HMDB0000703,C01984,C18,M-H,151.040064,23.4,439616,32800,5671
Ken-HFQE,2-HYDROXYPHENYLACETIC ACID,Y,C8H8O3,152.0473,HMDB0000669,C05852,C18,M-H,151.040064,24,11970,28478,5639
Ken-HFQE,4-HYDROXYPHENYLACETATE,Y,C8H8O3,152.0473,HMDB0000020,C00642,C18,M-H,151.040074,23.4,127,18101,130
Ken-HFQE,"2',4'-DIHYDROXYACETOPHENONE",Y,C8H8O3,152.0473,HMDB0029659,C03663,C18,M-H,151.040074,43.2,6990,18414,NA
Ken-HFQE,3-HYDROXYPHENYLACETATE,Y,C8H8O3,152.0473,HMDB0000440,C05593,C18,M-H,151.040074,25.2,12122,17445,5429
Ken-HFQE,RESORCINOL MONOACETATE,Y,C8H8O3,152.04735,HMDB0257165,C12064,C18,M-H,151.040074,44.4,NA,NA,NA
Ken-HFQE,3-HYDROXYANTHRANILATE,Y,C7H7NO3,153.0426,HMDB0001476,C00632,C18,M-H,152.035314,24.6,86,15793,3275
Ken-HFQE,3-AMINO-4-HYDROXYBENZOIC ACID,Y,C7H7NO3,153.04259,NA,C12115,C18,M-H,152.035314,23.4,NA,NA,NA
Ken-HFQE,"2,3-DIHYDROXYBENZOATE",Y,C7H6O4,154.0266,HMDB0000397,C00196,C18,M-H,153.019334,24,19,18026,5386
Ken-HFQE,"3,4-DIHYDROXYBENZOATE",Y,C7H6O4,154.0266,HMDB0001856,C00230,C18,M-H,153.019334,24,72,36062,6350
Ken-HFQE,"2,5-DIHYDROXYBENZOATE",Y,C7H6O4,154.0266,HMDB0000152,C00628,C18,M-H,153.019334,24,3469,17189,618
Ken-HFQE,"2',4'-DIHYDROXYACETOPHENONE",Y,C8H8O3,152.0473441,HMDB0029659,C03663,HILIC,M+H,153.0546,29.4,6990,18414,NA
Ken-HFQE,RESORCINOL MONOACETATE,Y,C8H8O3,152.04735,NA,C12064,HILIC,M+H,153.0546,28.7,NA,NA,NA
Ken-HFQE,3-AMINO-5-HYDROXYBENZOIC ACID,Y,C7H7NO3,153.0425931,NA,C12107,HILIC,M+H,154.0504,33,NA,NA,NA
Ken-HFQE,3-HYDROXYANTHRANILATE,Y,C7H7NO3,153.0425931,HMDB0001476,C00632,HILIC,M+H,154.0504,30.5,86,15793,3275
Ken-HFQE,3-AMINO-4-HYDROXYBENZOIC ACID,Y,C7H7NO3,153.04259,NA,C12115,HILIC,M+H,154.0504,32.4,NA,NA,NA
Ken-HFQE,DOPAMINE,Y,C8H11NO2,153.0789786,HMDB0000073,C03758,HILIC,M+H,154.0863,38,681,18243,64
Ken-HFQE,OCTOPAMINE,Y,C8H11NO2,153.0789786,HMDB0004825,C04227,HILIC,M+H,154.0863,33,440266,44715,7087
Ken-HFQE,OROTATE,Y,C5H4N2O4,156.0171,HMDB0000226,C00295,C18,M-H,155.009834,19.5,967,16742,318
Ken-HFQE,"2,4-DIHYDROXYPYRIMIDINE-5-CARBOXYLIC ACID",Y,C5H4N2O4,156.0171066,NA,C03030,C18,M-H,155.009834,21,NA,NA,NA
Ken-HFQE,L-HISTIDINE,Y,C6H9N3O2,155.0694765,HMDB0000177,C00135,HILIC,M+H,156.0768,101,6274,15971,21
Ken-HFQE,L-HISTIDINE,Y,C6H9N3O2,155.0694765,HMDB0000177,C00135,HILIC,M+H,156.0768,98.3,6274,15971,21
Ken-HFQE,ALPHA-AMINOADIPATE,Y,C6H11NO4,161.0688,HMDB0000510,C00956,C18,M-H,160.061534,21.4,92136,37023,NA
Ken-HFQE,N-METHYL-L-GLUTAMATE,Y,C6H11NO4,161.0688,HMDB0062660,C01046,C18,M-H,160.061534,20,439377,16440,NA
Ken-HFQE,ALPHA-AMINOADIPATE,Y,C6H11NO4,161.0688078,HMDB0000510,C00956,HILIC,M+H,162.0761,74.4,92136,37023,NA
Ken-HFQE,N-METHYL-L-GLUTAMATE,Y,C6H11NO4,161.0688078,HMDB0062660,C01046,HILIC,M+H,162.0761,74.4,439377,16440,NA
Ken-HFQE,4-COUMARATE,Y,C9H8O3,164.0473,HMDB0002035,C00811,C18,M-H,163.040074,25.2,637542,32374,6450
Ken-HFQE,PHENYLPYRUVATE,Y,C9H8O3,164.0473,HMDB0000205,C00166,C18,M-H,163.040074,24.6,997,30851,328
Ken-HFQE,4-COUMARATE,Y,C9H8O3,164.0473441,HMDB0002035,C00811,HILIC,M+H,165.0546,30,637542,32374,6450
Ken-HFQE,PHENYLPYRUVATE,Y,C9H8O3,164.0473441,HMDB0000205,C00166,HILIC,M+H,165.0546,59.2,997,30851,328
Ken-HFQE,4-HYDROXY-L-PHENYLGLYCINE,Y,C8H9NO3,167.0582431,NA,C12323,C18,M-H,166.050964,24,NA,NA,NA
Ken-HFQE,PYRIDOXAL,Y,C8H9NO3,167.0582,HMDB0001545,C00250,C18,M-H,166.050964,26.4,1050,17310,6312
Ken-HFQE,4-HYDROXY-L-PHENYLGLYCINE,Y,C8H9NO3,167.0582431,NA,C12323,HILIC,M+H,168.0655,60,NA,NA,NA
Ken-HFQE,PYRIDOXAL,Y,C8H9NO3,167.0582432,HMDB0001545,C00250,HILIC,M+H,168.0655,38.5,1050,17310,6312
Ken-HFQE,2-QUINOLINECARBOXYLIC ACID,Y,C10H7NO2,173.0477,HMDB0000842,C06325,C18,M-H,172.040404,25.2,7124,18386,5805
Ken-HFQE,4-QUINOLINECARBOXYLIC ACID,Y,C10H7NO2,173.04768,NA,C06414,C18,M-H,172.040404,24,NA,NA,NA
Ken-HFQE,2-QUINOLINECARBOXYLIC ACID,Y,C10H7NO2,173.0476785,HMDB0000842,C06325,HILIC,M+H,174.055,31.3,7124,18386,5805
Ken-HFQE,4-QUINOLINECARBOXYLIC ACID,Y,C10H7NO2,173.04768,NA,C06414,HILIC,M+H,174.055,37.9,NA,NA,NA
Ken-HFQE,INDOLE-3-ACETATE,Y,C10H9NO2,175.0633,HMDB0000197,C00954,C18,M-H,174.056054,25.8,802,16411,NA
Ken-HFQE,INDOLE-3-ACETIC ACID,Y,C10H9NO2,175.0633,HMDB0000197,C00954,C18,M-H,174.056054,27,802,16411,NA
Ken-HFQE,ASCORBATE,Y,C6H8O6,176.0321,HMDB0000044,C01041,C18,M-H,175.024814,19.8,NA,29073,NA
Ken-HFQE,D-GLUCURONOLACTONE,Y,C6H8O6,176.0321,HMDB0006355,C02670,C18,M-H,175.024814,20.5,2724333,18268,NA
Ken-HFQE,XYLITOL,Y,C5H12O5,152.0684735,HMDB0002917,C00379,HILIC,M+Na,175.0577,51,6912,17151,NA
Ken-HFQE,RIBITOL,Y,C5H12O5,152.0684735,HMDB0000508,C00474,HILIC,M+Na,175.0577,51,NA,15963,316
Ken-HFQE,L-ARABITOL,Y,C5H12O5,152.0684735,HMDB0001851,C00532,HILIC,M+Na,175.0577,53.2,439255,18403,141
Ken-HFQE,"D-GLUCONO-1,5-LACTONE",Y,C6H10O6,178.0477,HMDB0000150,C00198,C18,M-H,177.040464,20,7027,16217,353
Ken-HFQE,D-GULONIC ACID GAMA-LACTONE,Y,C6H10O6,178.0477,HMDB0003466,C01040,C18,M-H,177.040464,21.6,439373,17587,NA
Ken-HFQE,(S)-MALATE,Y,C4H6O5,134.0215233,HMDB0000156,C00149,HILIC,M+2Na-H,178.9927,43.2,222656,30797,NA
Ken-HFQE,(R)-MALATE,Y,C4H6O5,134.0215233,HMDB0031518,C00497,HILIC,M+2Na-H,178.9927,43.2,92824,30796,NA
Ken-HFQE,METHYL VANILLATE,Y,C9H10O4,182.0579088,HMDB0240266,NA,C18,M-H,181.050634,48.6,NA,NA,NA
Ken-HFQE,HOMOVANILLATE,Y,C9H10O4,182.0579,HMDB0000118,C05582,C18,M-H,181.050634,24,1738,545959,971
Ken-HFQE,3-(4-HYDROXYPHENYL)LACTATE,Y,C9H10O4,182.0579,HMDB0000755,C03672,C18,M-H,181.050634,22.8,9378,17385,5723
Ken-HFQE,THEOPHYLLINE,Y,C7H8N4O2,180.0647255,HMDB0001889,C07130,HILIC,M+H,181.072,35.2,2153,28177,1458
Ken-HFQE,PARAXANTHINE,Y,C7H8N4O2,180.0647255,HMDB0001860,C13747,HILIC,M+H,181.072,35.8,4687,25858,1457
Ken-HFQE,THEOBROMINE,Y,C7H8N4O2,180.0647255,HMDB0002825,C07480,HILIC,M+H,181.072,36.1,5429,28946,1456
Ken-HFQE,O-PHOSPHO-L-SERINE,Y,C3H8NO6P,185.0089,HMDB0000272,C01005,C18,M-H,184.001654,19.8,68841,15811,5270
Ken-HFQE,O-PHOSPHO-DL-SERINE,Y,C3H8NO6P,185.0089,HMDB0001721,C01005,C18,M-H,184.001654,21,106,37712,6338
Ken-HFQE,DL-NORMETANEPHRINE,Y,C9H13NO3,183.0895433,HMDB0000819,C05589,HILIC,M+H,184.0968,32.1,1237,144308,66
Ken-HFQE,EPINEPHRINE,Y,C9H13NO3,183.0895433,HMDB0000068,C00788,HILIC,M+H,184.0968,38.3,5816,28918,5127
Ken-HFQE,ARABINOSE,Y,C5H10O5,150.0528,HMDB0000646,C02479,C18,M+Cl,185.0222,21.6,439764,40886,NA
Ken-HFQE,D-XYLOSE,Y,C5H10O5,150.0528,HMDB0000098,C00181,C18,M+Cl,185.0222,21.6,135191,53455,314
Ken-HFQE,D-(-)-ARABINOSE,Y,C5H10O5,150.0528234,NA,NA,C18,M+Cl,185.0222,22.8,NA,NA,NA
Ken-HFQE,D-LYXOSE,Y,C5H10O5,150.0528234,NA,C00476,C18,M+Cl,185.0222,22.2,NA,NA,NA
Ken-HFQE,D-RIBOSE,Y,C5H10O5,150.0528,HMDB0000283,C00121,C18,M+Cl,185.0222,22.2,5779,47013,313
Ken-HFQE,O-PHOSPHO-L-SERINE,Y,C3H8NO6P,185.0089235,HMDB0000272,C01005,HILIC,M+H,186.0162,278,68841,15811,5270
Ken-HFQE,O-PHOSPHO-DL-SERINE,Y,C3H8NO6P,185.0089235,HMDB0001721,C01005,HILIC,M+H,186.0162,282,106,37712,6338
Ken-HFQE,XYLITOL,Y,C5H12O5,152.0685,HMDB0002917,C00379,C18,M+Cl,187.0379,22.2,6912,17151,NA
Ken-HFQE,RIBITOL,Y,C5H12O5,152.0685,HMDB0000508,C00474,C18,M+Cl,187.0379,22.2,NA,15963,316
Ken-HFQE,L-ARABITOL,Y,C5H12O5,152.0685,HMDB0001851,C00532,C18,M+Cl,187.0379,24,439255,18403,141
Ken-HFQE,CITRATE,Y,C6H8O7,192.027,HMDB0000094,C00158,C18,M-H,191.019734,19,311,30769,124
Ken-HFQE,ISOCITRIC ACID,Y,C6H8O7,192.027,HMDB0000193,C00311,C18,M-H,191.019734,19,1198,30887,3328
Ken-HFQE,MONO-METHYL GLUTARATE,Y,C6H10O4,146.0579088,HMDB0000858,NA,HILIC,M+2Na-H,191.0291,30,73917,86396,5821
Ken-HFQE,2-METHYLGLUTARIC ACID,Y,C6H10O4,146.0579088,HMDB0000422,NA,HILIC,M+2Na-H,191.0291,30,12046,68567,5411
Ken-HFQE,"(R,R)-TARTARIC ACID",Y,C4H6O6,150.0164379,HMDB0000956,C00898,HILIC,M+2Na-H,194.9876,72.5,444305,15671,NA
Ken-HFQE,"(S,S)-TARTARIC ACID",Y,C4H6O6,150.0164379,HMDB0029878,C02107,HILIC,M+2Na-H,194.9876,73.4,439655,15672,NA
Ken-HFQE,MESO-TARTARIC ACID,Y,C4H6O6,150.0164379,NA,C00552,HILIC,M+2Na-H,194.9876,54,NA,NA,NA
Ken-HFQE,MESO-TARTARIC ACID,Y,C4H6O6,150.0164379,NA,C00552,HILIC,M+2Na-H,194.9876,73,NA,NA,NA
Ken-HFQE,GLUCONIC ACID,Y,C6H12O7,196.0583,HMDB0000625,C00257,C18,M-H,195.051024,20.1,10690,33198,345
Ken-HFQE,D-GLUCONATE,Y,C6H12O7,196.0583,HMDB0000625,C00257,C18,M-H,195.051024,21,10690,33198,345
Ken-HFQE,"3,4-DIHYDROXY-L-PHENYLALANINE (L-DOPA)",Y,C9H11NO4,197.0688078,HMDB0000181,C00355,HILIC,M+H,198.0761,62.3,6047,15765,42
Ken-HFQE,"3,4-DIHYDROXY-L-PHENYLALANINE (L-DOPA)",Y,C9H11NO4,197.0688078,HMDB0000181,C00355,HILIC,M+H,198.0761,70,6047,15765,42
Ken-HFQE,MANNOSE,Y,C6H12O6,180.0633881,HMDB0000169,C00936,HILIC,M+Na,203.0526,60,185698,28729,NA
Ken-HFQE,D-GALACTOSE,Y,C6H12O6,180.0633881,HMDB0000143,C00984,HILIC,M+Na,203.0526,60.1,439357,28061,NA
Ken-HFQE,ALPHA-D-GLUCOSE,Y,C6H12O6,180.0633881,HMDB0003345,C00267,HILIC,M+Na,203.0526,60.1,79025,17925,6897
Ken-HFQE,D-PSICOSE,Y,C6H12O6,180.06339,NA,C06468,HILIC,M+Na,203.0526,50.1,NA,NA,NA
Ken-HFQE,L-TRYPTOPHAN,Y,C11H12N2O2,204.0899,HMDB0000929,C00078,C18,M-H,203.082604,25.6,6305,16828,5879
Ken-HFQE,D-TRYPTOPHAN,Y,C11H12N2O2,204.0899,HMDB0013609,C00525,C18,M-H,203.082604,26.1,9060,16296,NA
Ken-HFQE,GALACTITOL,Y,C6H14O6,182.0790382,HMDB0000107,C01697,HILIC,M+Na,205.0683,60.2,11850,16813,5148
Ken-HFQE,MANNITOL,Y,C6H14O6,182.0790382,HMDB0000765,C00392,HILIC,M+Na,205.0683,59.7,6251,16899,142
Ken-HFQE,L-TRYPTOPHAN,Y,C11H12N2O2,204.0898776,HMDB0000929,C00078,HILIC,M+H,205.0972,47,6305,16828,5879
Ken-HFQE,D-TRYPTOPHAN,Y,C11H12N2O2,204.0898776,HMDB0013609,C00525,HILIC,M+H,205.0972,47.9,9060,16296,NA
Ken-HFQE,L-KYNURENINE,Y,C10H12N2O3,208.0847923,HMDB0000684,C00328,HILIC,M+H,209.0921,49.7,161166,16946,72
Ken-HFQE,KYNURENINE,Y,C10H12N2O3,208.0847923,HMDB0000684,C00328,HILIC,M+H,209.0921,49.2,161166,16946,72
Ken-HFQE,PHOSPHOCREATINE,Y,C4H10N3O5P,211.0358,HMDB0001511,C02305,C18,M-H,210.028524,19.8,587,17287,6288
Ken-HFQE,CREATINE PHOSPHATE,Y,C4H10N3O5P,211.0358,HMDB0001511,C02305,C18,M-H,210.028524,20.4,587,17287,6288
Ken-HFQE,PHOSPHOCREATINE,Y,C4H10N3O5P,211.035807,HMDB0001511,C02305,HILIC,M+H,212.0431,107.6,587,17287,6288
Ken-HFQE,CREATINE PHOSPHATE,Y,C4H10N3O5P,211.035807,HMDB0001511,C02305,HILIC,M+H,212.0431,110.7,587,17287,6288
Ken-HFQE,D-FRUCTOSE,Y,C6H12O6,180.0634,HMDB0000660,C02336,C18,M+Cl,215.0328,21.6,439709,28645,135
Ken-HFQE,L-SORBOSE,Y,C6H12O6,180.0634,HMDB0001266,C08356,C18,M+Cl,215.0328,21.6,441484,10295,6121
Ken-HFQE,MYO-INOSITOL,Y,C6H12O6,180.0634,HMDB0000211,C00137,C18,M+Cl,215.0328,21.6,NA,17268,5221
Ken-HFQE,MANNOSE,Y,C6H12O6,180.0634,HMDB0000169,C00936,C18,M+Cl,215.0328,21.6,185698,28729,NA
Ken-HFQE,D-GALACTOSE,Y,C6H12O6,180.0634,HMDB0000143,C00984,C18,M+Cl,215.0328,21.6,439357,28061,NA
Ken-HFQE,ALPHA-D-GLUCOSE,Y,C6H12O6,180.0634,HMDB0003345,C00267,C18,M+Cl,215.0328,21.6,79025,17925,6897
Ken-HFQE,ALLOSE,Y,C6H12O6,180.0634,HMDB0001151,C01487,C18,M+Cl,215.0328,21.6,12285879,37741,348
Ken-HFQE,D-TAGATOSE,Y,C6H12O6,180.0634,HMDB0003418,C00795,C18,M+Cl,215.0328,21.6,14408225,49092,NA
Ken-HFQE,D-PSICOSE,Y,C6H12O6,180.0633881,NA,C06468,C18,M+Cl,215.0328,21.6,NA,NA,NA
Ken-HFQE,OMEGA-HYDROXYDODECANOIC ACID,Y,C12H24O3,216.1725,HMDB0002059,C08317,C18,M-H,215.165274,59,79034,39567,6465
Ken-HFQE,OMEGA-HYDROXYDODECANOIC ACID,Y,C12H24O3,216.1725,HMDB0002059,C08317,C18,M-H,215.165274,87,79034,39567,6465
Ken-HFQE,D-FRUCTOSE,Y,C6H12O6,180.0633881,HMDB0000660,C02336,HILIC,M+K,219.0265,60,439709,28645,135
Ken-HFQE,L-SORBOSE,Y,C6H12O6,180.0633881,HMDB0001266,C08356,HILIC,M+K,219.0265,60,441484,10295,6121
Ken-HFQE,MYO-INOSITOL,Y,C6H12O6,180.0633881,HMDB0000211,C00137,HILIC,M+K,219.0265,60,NA,17268,5221
Ken-HFQE,ALLOSE,Y,C6H12O6,180.0633881,HMDB0001151,C01487,HILIC,M+K,219.0265,60.1,12285879,37741,348
Ken-HFQE,N-ACETYL-D-GLUCOSAMINE,Y,C8H15NO6,221.0899,HMDB0000215,C00140,C18,M-H,220.082664,35,439174,506227,3356
Ken-HFQE,N-ACETYL-D-MANNOSAMINE,Y,C8H15NO6,221.0899,HMDB0001129,C00645,C18,M-H,220.082664,21.6,11096158,63154,6024
Ken-HFQE,D-GLUCURONIC ACID,Y,C6H10O7,194.0426527,HMDB0000127,C00191,HILIC,M+2Na-H,239.0138,74.5,444791,42717,161
Ken-HFQE,D-(+)-GALACTURONIC ACID,Y,C6H12O8,194.0426527,HMDB0002545,C08348,HILIC,M+2Na-H,239.0138,72,84740,47962,6713
Ken-HFQE,GLUCONIC ACID,Y,C6H12O7,196.0583027,HMDB0000625,C00257,HILIC,M+2Na-H,241.0297,73.1,10690,33198,345
Ken-HFQE,D-GLUCONATE,Y,C6H12O7,196.0583027,HMDB0000625,C00257,HILIC,M+2Na-H,241.0297,73.1,10690,33198,345
Ken-HFQE,5'-DEOXYADENOSINE,Y,C10H13N5O3,251.1018393,HMDB0001983,C05198,HILIC,M+H,252.1091,39,439182,17319,NA
Ken-HFQE,2'-DEOXYADENOSINE,Y,C10H13N5O3,251.1018393,HMDB0000101,C00559,HILIC,M+H,252.1091,42.6,13730,17256,3382
Ken-HFQE,D-GLUCOSE-6-PHOSPHATE,Y,C6H13O9P,260.0297,HMDB0001401,C00092,C18,M-H,259.022444,30.9,5958,4170,145
Ken-HFQE,D-GLUCOSE 6-PHOSPHATE,Y,C6H13O9P,260.0297,HMDB0001401,C00092,C18,M-H,259.022444,18.4,5958,4170,145
Ken-HFQE,D-MANNOSE 6-PHOSPHATE,Y,C6H13O9P,260.0297,HMDB0001078,C00275,C18,M-H,259.022444,18,439198,49728,5987
Ken-HFQE,D-FRUCTOSE 6-PHOSPHATE,Y,C6H13O9P,260.0297,HMDB0000124,C00085,C18,M-H,259.022444,18.2,69507,15946,5159
Ken-HFQE,ALPHA-D-GLUCOSE 1-PHOSPHATE,Y,C6H13O9P,260.0297,HMDB0001586,C00103,C18,M-H,259.022444,19.8,65533,29042,NA
Ken-HFQE,N-ACETYL-D-MANNOSAMINE,Y,C8H15NO6,221.0899372,HMDB0001129,C00645,HILIC,M+K,260.0531,51.8,11096158,63154,6024
Ken-HFQE,N-ACETYL-D-GALACTOSAMINE,Y,C8H15NO6,221.0899372,HMDB0000853,C05021,HILIC,M+K,260.0531,59.2,440552,28497,5816
Ken-HFQE,D-GLUCOSE-6-PHOSPHATE,Y,C6H13O9P,260.0297185,HMDB0001401,C00092,HILIC,M+H,261.037,282,5958,4170,145
Ken-HFQE,D-GLUCOSE 6-PHOSPHATE,Y,C6H13O9P,260.0297185,HMDB0001401,C00092,HILIC,M+H,261.037,277.8,5958,4170,145
Ken-HFQE,ALPHA-D-GALACTOSE 1-PHOSPHATE,Y,C6H13O9P,260.0297185,HMDB0000645,C00446,HILIC,M+H,261.037,264,123912,17973,NA
Ken-HFQE,D-MANNOSE 6-PHOSPHATE,Y,C6H13O9P,260.0297185,HMDB0001078,C00275,HILIC,M+H,261.037,264,439198,49728,5987
Ken-HFQE,D-FRUCTOSE 6-PHOSPHATE,Y,C6H13O9P,260.0297185,HMDB0000124,C00085,HILIC,M+H,261.037,279.7,69507,15946,5159
Ken-HFQE,ALPHA-D-GLUCOSE 1-PHOSPHATE,Y,C6H13O9P,260.0297185,HMDB0001586,C00103,HILIC,M+H,261.037,268.5,65533,29042,NA
Ken-HFQE,2'-DEOXYGUANOSINE,Y,C10H13N5O4,267.0967539,HMDB0000085,C00330,HILIC,M+H,268.1041,50.4,187790,17172,3395
Ken-HFQE,ADENOSINE,Y,C10H13N5O4,267.0967539,HMDB0000050,C00212,HILIC,M+H,268.1041,44.4,60961,16335,86
Ken-HFQE,PETROSELINIC ACID,Y,C18H34O2,282.2559,HMDB0002080,NA,C18,M-H,281.248604,257.4,11634,36022,NA
Ken-HFQE,ELAIDIC ACID,Y,C18H34O2,282.2559,HMDB0000573,C01712,C18,M-H,281.248604,256.8,637517,27997,3406
Ken-HFQE,OLEATE,Y,C18H34O2,282.2559,HMDB0000207,C00712,C18,M-H,281.248604,258,445639,16196,190
Ken-HFQE,5'-DEOXYADENOSINE,Y,C10H13N5O3,251.1018,HMDB0001983,C05198,C18,M+FA-H,296.1,24,439182,17319,NA
Ken-HFQE,2'-DEOXYADENOSINE,Y,C10H13N5O3,251.1018,HMDB0000101,C00559,C18,M+FA-H,296.1,24,13730,17256,3382
Ken-HFQE,GLUTATHIONE,Y,C10H17N3O6S,307.083806,HMDB0000125,C00051,HILIC,M+H,308.0911,80,124886,16856,44
Ken-HFQE,GLUTATHIONE,Y,C10H17N3O6S,307.083806,HMDB0000125,C00051,HILIC,M+H,308.0911,252,124886,16856,44
Ken-HFQE,THYMIDINE 5'-MONOPHOSPHATE,Y,C10H15N2O8P,322.0566,HMDB0001227,C00364,C18,M-H,321.049334,19.8,9700,17013,6092
Ken-HFQE,THYMIDINE 5'-MONOPHOSPHATE,Y,C10H15N2O8P,322.0566,HMDB0001227,C00364,C18,M-H,321.049334,19.8,9700,17013,6092
Ken-HFQE,THYMIDINE 5'-MONOPHOSPHATE,Y,C10H15N2O8P,322.056602,HMDB0001227,C00364,HILIC,M+H,323.0639,84,9700,17013,6092
Ken-HFQE,THYMIDINE 5'-MONOPHOSPHATE,Y,C10H15N2O8P,322.056602,HMDB0001227,C00364,HILIC,M+H,323.0639,90,9700,17013,6092
Ken-HFQE,"ADENOSINE 3',5'-CYCLIC MONOPHOSPHATE",Y,C10H12N5O6P,329.0525,HMDB0000058,C00575,C18,M-H,328.045244,18.4,6076,17489,5120
Ken-HFQE,"3',5'-CYCLIC AMP",Y,C10H12N5O6P,329.0525,HMDB0000058,C00575,C18,M-H,328.045244,21,6076,17489,5120
Ken-HFQE,"ADENOSINE 2',3'-CYCLIC MONOPHOSPHATE",Y,C10H12N5O6P,329.0525197,HMDB0011616,C08355,HILIC,M+H,330.0598,60,441483,27520,NA
Ken-HFQE,"ADENOSINE 3',5'-CYCLIC MONOPHOSPHATE",Y,C10H12N5O6P,329.0525197,HMDB0000058,C00575,HILIC,M+H,330.0598,68.7,6076,17489,5120
Ken-HFQE,"3',5'-CYCLIC AMP",Y,C10H12N5O6P,329.0525197,HMDB0000058,C00575,HILIC,M+H,330.0598,65.5,6076,17489,5120
Ken-HFQE,2'-DEOXYGUANOSINE 5'-MONOPHOSPHATE,Y,C10H14N5O7P,347.0631,HMDB0001044,C00362,C18,M-H,346.055814,20.1,65059,16192,NA
Ken-HFQE,ADENOSINE 5'-MONOPHOSPHATE,Y,C10H14N5O7P,347.0631,HMDB0000045,C00020,C18,M-H,346.055814,20.1,6083,16027,5111
Ken-HFQE,INOSINE 5'-PHOSPHATE,Y,C10H13N4O8P,348.0471,HMDB0000175,C00130,C18,M-H,347.039824,42,8582,17202,5196
Ken-HFQE,INOSINE 5'-MONOPHOSPHATE,Y,C10H13N4O8P,348.0471,HMDB0000175,C00130,C18,M-H,347.039824,21,8582,17202,5196
Ken-HFQE,D-LACTOSE,Y,C12H22O11,342.1162115,HMDB0041627,C01970,HILIC,M+Na,365.1054,78,6134,36218,NA
Ken-HFQE,SUCROSE,Y,C12H22O11,342.1162115,HMDB0000258,C00089,HILIC,M+Na,365.1054,94.4,5988,17992,NA
Ken-HFQE,MELIBIOSE,Y,C12H22O11,342.1162115,HMDB0000048,NA,HILIC,M+Na,365.1054,94.4,6602503,NA,NA
Ken-HFQE,MALTOSE,Y,C12H22O11,342.1162115,HMDB0000163,C00208,HILIC,M+Na,365.1054,94.4,10991489,47937,413
Ken-HFQE,D-(+)-CELLOBIOSE,Y,C12H22O11,342.1162115,HMDB0000055,C06422,HILIC,M+Na,365.1054,94.4,10712,36217,3480
Ken-HFQE,PALATINOSE,Y,C12H22O11,342.11621,NA,C01742,HILIC,M+Na,365.1054,94,NA,NA,NA
Ken-HFQE,"CHOLESTA-5,7-DIEN-3BETA-OL",Y,C27H44O,384.339216,HMDB0000032,C01164,HILIC,M-H2O+H,367.3365,26,439423,17759,NA
Ken-HFQE,DESMOSTEROL,Y,C27H44O,384.339216,HMDB0002719,C01802,HILIC,M-H2O+H,367.3365,27,439577,17737,423
Ken-HFQE,CHENODEOXYCHOLATE,Y,C24H40O4,392.2926598,HMDB0000518,C02528,HILIC,M-H2O+H,375.2899,30,10133,16755,207
Ken-HFQE,"3ALPHA,12ALPHA-DIHYDROXY-5BETA-CHOLANATE",Y,C24H40O4,392.2926598,HMDB0000626,C04483,HILIC,M-H2O+H,375.2899,28.4,222528,28834,265
Ken-HFQE,DEOXYCHOLATE,Y,C24H4004,392.2926598,HMDB0000626,C04483,HILIC,M-H2O+H,375.2899,28,222528,28834,265
Ken-HFQE,D-LACTOSE,Y,C12H22O11,342.1162,HMDB0041627,C01970,C18,M+Cl,377.0856,20.4,6134,36218,NA
Ken-HFQE,SUCROSE,Y,C12H22O11,342.1162,HMDB0000258,C00089,C18,M+Cl,377.0856,20.4,5988,17992,NA
Ken-HFQE,MELIBIOSE,Y,C12H22O11,342.1162,HMDB0000048,NA,C18,M+Cl,377.0856,20.4,6602503,NA,NA
Ken-HFQE,MALTOSE,Y,C12H22O11,342.1162,HMDB0000163,C00208,C18,M+Cl,377.0856,20.4,10991489,47937,413
Ken-HFQE,D-(+)-CELLOBIOSE,Y,C12H22O11,342.1162,HMDB0000055,C06422,C18,M+Cl,377.0856,20.4,10712,36217,3480
Ken-HFQE,PALATINOSE,Y,C12H22O11,342.1162115,NA,C01742,C18,M+Cl,377.0856,20.4,NA,NA,NA
Ken-HFQE,CHENODEOXYCHOLATE,Y,C24H40O4,392.2927,HMDB0000518,C02528,C18,M-H,391.285384,136.8,10133,16755,207
Ken-HFQE,DEOXYCHOLATE,Y,C24H4004,392.2927,HMDB0000626,C04483,C18,M-H,391.285384,142.2,222528,28834,265
Ken-HFQE,ADENOSINE 5'-DIPHOSPHATE,Y,C10H15N5O10P2,427.0294,HMDB0001341,C00008,C18,M-H,426.022144,36,6022,16761,6175
Ken-HFQE,"ADENOSINE 3',5'-DIPHOSPHATE",Y,C10H15N5O10P2,427.0294,HMDB0000061,C00054,C18,M-H,426.022144,19.4,159296,17985,NA
Ken-HFQE,DIHYDROFOLATE,Y,C19H21N7O6,443.1553314,HMDB0001056,C00415,HILIC,M+H,444.16313,52,98792,15633,5970
Ken-HFQE,DIHYDROFOLATE,Y,C19H21N7O6,443.1553314,HMDB0001056,C00415,HILIC,M+H,444.16313,72,98792,15633,5970
Ken-HFQE,CYTIDINE 5'-TRIPHOSPHATE,Y,C9H16N3O14P3,482.9845,HMDB0000082,C00063,C18,M-H,481.977244,19,6176,17677,5136
Ken-HFQE,CYTIDINE 5'-TRIPHOSPHATE,Y,C9H16N3O14P3,482.9845,HMDB0000082,C00063,C18,M-H,481.977244,30,6176,17677,5136
Ken-HFQE,URIDINE 5'-TRIPHOSPHATE,Y,C9H15N2O15P3,483.9685,HMDB0000285,C00075,C18,M-H,482.961264,36,6133,15713,5277
Ken-HFQE,URIDINE 5'-TRIPHOSPHATE,Y,C9H15N2O15P3,483.9685,HMDB0000285,C00075,C18,M-H,482.961264,18,6133,15713,5277
Ken-HFQE,2'-DEOXYGUANOSINE 5'-TRIPHOSPHATE,Y,C10H16N5O13P3,506.9957,HMDB0001440,C00286,C18,M-H,505.988474,22,65103,16497,6248
Ken-HFQE,ADENOSINE 5'-TRIPHOSPHATE,Y,C10H16N5O13P3,506.9957,HMDB0000538,C00002,C18,M-H,505.988474,35.4,5957,15422,5523
Ken-HFQE,ADENOSINE 5'-TRIPHOSPHATE,Y,C10H16N5O13P3,506.9957,HMDB0000538,C00002,C18,M-H,505.988474,18,5957,15422,5523
Ken-HFQE,ADENOSINE 5'-TRIPHOSPHATE,Y,C10H16N5O13P3,506.9957,HMDB0000538,C00002,C18,M-H,505.988474,26,5957,15422,5523
Ken-HFQE,PYRUVATE,,C3H4O3,88.016,HMDB0000243,C00022,C18,M-H,87.008774,19.8,1060,32816,NA
Ken-HFQE,BUTANOATE,,C4H8O2,88.0524,HMDB0000039,C00246,C18,M-H,87.045154,20,264,30772,107
Ken-HFQE,OXALIC ACID,,C2H2O4,89.9953,HMDB0002329,C00209,C18,M-H,88.988024,21,971,16995,113
Ken-HFQE,2-HYDROXYPYRIDINE,,C5H5NO,95.03711379,HMDB0013751,C02502,HILIC,M+H,96.0444,37.2,8871,16540,NA
Ken-HFQE,MALEIMIDE,,C4H3NO2,97.01637834,HMDB0254312,C07272,HILIC,M+H,98.0237,40,NA,NA,NA
Ken-HFQE,5-VALEROLACTONE,,C5H8O2,100.05243,NA,C02240,C18,M-H,99.045154,24,NA,NA,NA
Ken-HFQE,1-AMINOCYCLOPROPANE-1-CARBOXYLATE,,C4H7NO2,101.0477,HMDB0036458,C01234,C18,M-H,100.040404,25.2,535,18053,NA
Ken-HFQE,ACETOACETATE,,C4H6O3,102.0317,HMDB0000060,C00164,C18,M-H,101.024414,21.6,96,15344,NA
Ken-HFQE,2-OXOBUTANOATE,,C4H6O3,102.0317,HMDB0000005,C00109,C18,M-H,101.024424,21,58,30831,NA
Ken-HFQE,5-VALEROLACTONE,,C5H8O2,100.05243,NA,C02240,HILIC,M+H,101.0597,30.2,NA,NA,NA
Ken-HFQE,PENTANOATE,,C5H10O2,102.0681,HMDB0000892,C00803,C18,M-H,101.060804,22.2,7991,17418,110
Ken-HFQE,N-FORMYLGLYCINE,,C3H5NO3,103.026943,HMDB0255145,NA,C18,M-H,102.019664,21.6,NA,NA,NA
Ken-HFQE,1-AMINOCYCLOPROPANE-1-CARBOXYLATE,,C4H7NO2,101.0476785,HMDB0036458,C01234,HILIC,M+H,102.055,59.4,535,18053,NA
Ken-HFQE,SPERMINE,,C10H26N4,202.2157469,HMDB0001256,C00750,HILIC,M+2H,102.1151,270,1103,15746,255
Ken-HFQE,2-HYDROXYBUTYRIC ACID,,C4H8O3,104.0473,HMDB0000008,C05984,C18,M-H,103.040064,22.8,440864,50613,NA
Ken-HFQE,"L-2,3-DIAMINOPROPIONIC ACID",,C3H8N2O2,104.0586,HMDB0002006,C03401,C18,M-H,103.051302,45.6,97328,16303,6429
Ken-HFQE,CADAVERINE,,C5H14N2,102.1156985,HMDB0002322,C01672,HILIC,M+H,103.123,75.7,273,18127,3236
Ken-HFQE,N-FORMYLGLYCINE,,C3H5NO3,103.02694,NA,NA,HILIC,M+H,104.0342,38.4,NA,NA,NA
Ken-HFQE,L-SERINE,,C3H7NO3,105.0426,HMDB0000187,C00065,C18,M-H,104.035314,22.7,5951,17115,5203
Ken-HFQE,GLYCERATE,,C3H6O4,106.0266,HMDB0000139,C00258,C18,M-H,105.019334,21.7,439194,32398,280
Ken-HFQE,D-GLYCERIC ACID,,C3H6O4,106.0266,HMDB0000139,C00258,C18,M-H,105.019335,20.4,439194,32398,280
Ken-HFQE,"L-2,3-DIAMINOPROPIONIC ACID",,C3H8N2O2,104.0585775,HMDB0002006,C03401,HILIC,M+H,105.0659,110.2,97328,16303,6429
Ken-HFQE,L-SERINE,,C3H7NO3,105.0425931,HMDB0000187,C00065,HILIC,M+H,106.05039,87,5951,17115,5203
Ken-HFQE,2-AMINOPHENOL,,C6H7NO,109.0527638,NA,C01987,C18,M-H,108.045484,32.4,NA,NA,NA
Ken-HFQE,BENZYLAMINE,,C7H9N,107.0734993,HMDB0033871,C15562,HILIC,M+H,108.0808,30.7,7504,40538,NA
Ken-HFQE,HYPOTAURINE,,C2H7NO2S,109.0197492,HMDB0000965,C00519,HILIC,M+H,110.0271,77.2,107812,16668,281
Ken-HFQE,CYTOSINE,,C4H5N3O,111.0433,HMDB0000630,C00380,C18,M-H,110.035984,24,597,16040,283
Ken-HFQE,2-AMINOPHENOL,,C6H7NO,109.0527638,NA,C01987,HILIC,M+H,110.06,30.7,NA,NA,NA
Ken-HFQE,HISTAMINE,,C5H9N3,111.0796,HMDB0000870,C00388,C18,M-H,110.072374,38.4,774,18295,68
Ken-HFQE,URACIL,,C4H4N2O2,112.0273,HMDB0000300,C00106,C18,M-H,111.020004,25.1,1174,17568,258
Ken-HFQE,SORBATE,,C6H8O2,112.05243,NA,NA,C18,M-H,111.045154,30.6,NA,NA,NA
Ken-HFQE,PYRROLE-2-CARBOXYLATE,,C5H5NO2,111.0320284,HMDB0004230,C05942,HILIC,M+H,112.0393,30,12473,36751,3787
Ken-HFQE,CYTOSINE,,C4H5N3O,111.0432618,HMDB0000630,C00380,HILIC,M+H,112.0505,50,597,16040,283
Ken-HFQE,CREATININE,,C4H7N3O,113.0589,HMDB0000562,C00791,C18,M-H,112.051634,25,588,16737,8
Ken-HFQE,HISTAMINE,,C5H9N3,111.0796473,HMDB0000870,C00388,HILIC,M+H,112.0869,73.8,774,18295,68
Ken-HFQE,URACIL,,C4H4N2O2,112.0272774,HMDB0000300,C00106,HILIC,M+H,113.0346,38,1174,17568,258
Ken-HFQE,SORBATE,,C6H8O2,112.05243,NA,NA,HILIC,M+H,113.0597,29.5,NA,NA,NA
Ken-HFQE,MALEAMATE,,C4H5NO3,115.026943,NA,C01596,C18,M-H,114.019664,22.2,NA,NA,NA
Ken-HFQE,L-PROLINE,,C5H9NO2,115.0633,HMDB0000162,C00148,C18,M-H,114.056054,25.9,145742,17203,29
Ken-HFQE,CREATININE,,C4H7N3O,113.0589119,HMDB0000562,C00791,HILIC,M+H,114.0662,40,588,16737,8
Ken-HFQE,"5,6-DIHYDROURACIL",,C4H6N2O2,114.0429274,HMDB0000076,C00429,HILIC,M+H,115.0502,37.6,649,15901,285
Ken-HFQE,HEXANOATE,,C6H12O2,116.0837,HMDB0000535,C01585,C18,M-H,115.076454,42,8892,30776,5520
Ken-HFQE,MALEAMATE,,C4H5NO3,115.026943,NA,C01596,HILIC,M+H,116.0342,32,NA,NA,NA
Ken-HFQE,N-ACETYLGLYCINE,,C4H7NO3,117.0426,HMDB0000532,NA,C18,M-H,116.035314,21.7,10972,40410,5517
Ken-HFQE,GUANIDINOACETATE,,C3H7N3O2,117.0538,HMDB0000128,C00581,C18,M-H,116.046554,24.6,763,16344,5163
Ken-HFQE,MESOXALATE,,C3H2O5,117.9902,HMDB0031522,C00830,C18,M-H,116.982954,19.2,10132,30842,NA
Ken-HFQE,MALEIC ACID,,C4H4O4,116.0109586,HMDB0000176,C01384,HILIC,M+H,117.0182,44.4,444266,18300,NA
Ken-HFQE,L-HOMOCYSTEINE THIOLACTONE,,C4H7NOS,117.0248345,HMDB0002287,NA,HILIC,M+H,118.0321,37.2,107712,NA,6594
Ken-HFQE,N-ACETYLGLYCINE,,C4H7NO3,117.0425931,HMDB0000532,NA,HILIC,M+H,118.0499,37.2,10972,40410,5517
Ken-HFQE,GUANIDINOACETATE,,C3H7N3O2,117.0538265,HMDB0000128,C00581,HILIC,M+H,118.0611,70.2,763,16344,5163
Ken-HFQE,INDOLE,,C8H7N,117.0578492,HMDB0000738,C00463,HILIC,M+H,118.0651,49.5,798,16881,286
Ken-HFQE,MERCAPTOPYRUVATE,,C3H4O3S,119.9881,HMDB0001368,C00957,C18,M-H,118.980844,20.4,98,16208,6195
Ken-HFQE,GLYCINE,,C2H5NO2,75.03202841,HMDB0000123,C00037,HILIC,M+2Na-H,120.0032,79.2,750,15428,20
Ken-HFQE,PURINE,,C5H4N4,120.0435961,HMDB0001366,C15587,HILIC,M+H,121.0514,39,1044,17258,6193
Ken-HFQE,PHENETHYLAMINE,,C8H11N,121.0891494,HMDB0012275,C05332,HILIC,M+H,122.0964,30.5,1001,18397,NA
Ken-HFQE,NICOTINAMIDE,,C6H6N2O,122.0480128,HMDB0001406,C00153,HILIC,M+H,123.0553,36.5,936,17154,1497
Ken-HFQE,(2-AMINOETHYL)PHOSPHONATE,,C2H8NO3P,125.0242,HMDB0011747,C03557,C18,M-H,124.016904,21,339,15573,NA
Ken-HFQE,5-METHYLCYTOSINE HYDROCLORIDE,,C5H7N3O,125.0589,HMDB0002894,C02376,C18,M-H,124.051638,25.8,65040,27551,3247
Ken-HFQE,4-IMIDAZOLEACETIC ACID,,C5H6N2O2,126.0429,HMDB0002024,C02835,C18,M-H,125.035654,21.6,96215,16974,6445
Ken-HFQE,TAURINE,,C2H7NO3S,125.0146638,HMDB0000251,C00245,HILIC,M+H,126.022,62.5,1123,15891,31
Ken-HFQE,(2-AMINOETHYL)PHOSPHONATE,,C2H8NO3P,125.0241796,HMDB0011747,C03557,HILIC,M+H,126.0315,141,339,15573,NA
Ken-HFQE,5-METHYLCYTOSINE HYDROCLORIDE,,C5H7N3O,125.0589119,HMDB0002894,C02376,HILIC,M+H,126.066714,46,65040,27551,3247
Ken-HFQE,3-METHYLHISTAMINE,,C6H11N3,125.0952974,HMDB0001861,NA,HILIC,M+H,126.1026,72.9,69520,114444,6355
Ken-HFQE,4-IMIDAZOLEACETIC ACID,,C5H6N2O2,126.0429274,HMDB0002024,C02835,HILIC,M+H,127.0502,71.2,96215,16974,6445
Ken-HFQE,4-METHYL-2-OXO-PENTANOIC ACID,,C6H10O3,130.0629942,HMDB0000695,C00233,C18,M-H,129.055712,24,NA,NA,NA
Ken-HFQE,4-METHYL-2-OXOVALERIC ACID,,C6H10O3,130.063,HMDB0000695,C00233,C18,M-H,129.055714,24,70,48430,5663
Ken-HFQE,3-METHYL-2-OXOVALERIC ACID,,C6H10O3,130.063,HMDB0000491,C00671,C18,M-H,129.055724,24.6,439286,15614,5478
Ken-HFQE,HEPTANOIC ACID,,C7H14O2,130.0994,HMDB0000666,C17714,C18,M-H,129.092104,43.8,8094,45571,5636
Ken-HFQE,CREATINE,,C4H9N3O2,131.0695,HMDB0000064,C00300,C18,M-H,130.062204,21,586,16919,7
Ken-HFQE,QUINOLINE,,C9H7N,129.0578492,HMDB0033731,C06413,HILIC,M+H,130.0651,30.8,7047,17362,NA
Ken-HFQE,2-METHYLMALEATE,,C5H6O4,130.0266087,HMDB0000634,C02226,HILIC,M+H,131.03441,42,643798,17626,5607
Ken-HFQE,3-UREIDOPROPIONATE,,C4H8N2O3,132.0535,HMDB0000026,C02642,C18,M-H,131.046214,20,NA,18261,NA
Ken-HFQE,N-ACETYLPUTRESCINE,,C6H14N2O,130.1106131,HMDB0002064,C02714,HILIC,M+H,131.1179,43,122356,17768,3252
Ken-HFQE,Agmatine,,C5H14N4,130.1218465,HMDB0001432,C00179,HILIC,M+H,131.1296,73.8,NA,NA,NA
Ken-HFQE,D-ASPARTATE,,C4H7NO4,133.0375,HMDB0006483,C00402,C18,M-H,132.030234,19.9,83887,17364,15
Ken-HFQE,BIS(3-AMINOPROPYL)AMINE,,C6H17N3,131.1422476,HMDB0011634,C03375,HILIC,M+H,132.1496,127.2,5942,16841,NA
Ken-HFQE,HYPOXANTHINE,,C5H4N4O,136.0385,HMDB0000157,C00262,C18,M-H,135.031234,22.8,790,17368,83
Ken-HFQE,HOMOCYSTEINE,,C4H9NO2S,135.0353992,HMDB0000742,C00155,HILIC,M+H,136.0432,59,91552,17588,3256
Ken-HFQE,UROCANATE,,C6H6N2O2,138.0429,HMDB0000301,C00785,C18,M-H,137.035654,21.6,736715,30817,298
Ken-HFQE,HYPOXANTHINE,,C5H4N4O,136.0385108,HMDB0000157,C00262,HILIC,M+H,137.04631,44.2,790,17368,83
Ken-HFQE,1-METHYLNICOTINAMIDE,,C7H8N2O,136.0642119,HMDB0000699,C02918,HILIC,M+H,137.0709,50,457,16797,5667
Ken-HFQE,"N,N-DIMETHYL-1,4-PHENYLENEDIAMINE",,C8H12N2,136.10005,NA,C04203,HILIC,M+H,137.10785,31.1,NA,NA,NA
Ken-HFQE,6-HYDROXYNICOTINATE,,C6H5NO3,139.0269,HMDB0002658,C01020,C18,M-H,138.019664,23,72924,16168,NA
Ken-HFQE,SALICYLAMIDE,,C7H7NO2,137.0476785,HMDB0015687,NA,HILIC,M+H,138.05548,30,5147,32114,NA
Ken-HFQE,PHOSPHONOACETATE,,C2H5O5P,139.9875,HMDB0004110,C05682,C18,M-H,138.980184,21,546,15732,7018
Ken-HFQE,4-HYDROXYBENZOATE,,C7H6O3,138.0316941,HMDB0000500,C00156,HILIC,M+H,139.039,30,135,30763,5486
Ken-HFQE,UROCANATE,,C6H6N2O2,138.0429274,HMDB0000301,C00785,HILIC,M+H,139.0502,38,736715,30817,298
Ken-HFQE,6-HYDROXYNICOTINATE,,C6H5NO3,139.026943,HMDB0002658,C01020,HILIC,M+H,140.0342,37.8,72924,16168,NA
Ken-HFQE,L-HISTIDINOL,,C6H11N3O,141.0902,HMDB0003431,C00860,C18,M-H,140.082934,34.3,165271,16255,3267
Ken-HFQE,PHOSPHONOACETATE,,C2H5O5P,139.9874598,HMDB0004110,C05682,HILIC,M+H,140.9947,90,546,15732,7018
Ken-HFQE,5-HYDROXYMETHYLURACIL,,C5H6N2O3,142.0378,HMDB0000469,C03088,C18,M-H,141.030564,25.1,78168,16964,5456
Ken-HFQE,L-HISTIDINOL,,C6H11N3O,141.090212,HMDB0003431,C00860,HILIC,M+H,142.0975,73.5,165271,16255,3267
Ken-HFQE,5-HYDROXYMETHYLURACIL,,C5H6N2O3,142.0378421,HMDB0000469,C03088,HILIC,M+H,143.0451,43.9,78168,16964,5456
Ken-HFQE,CAPRYLIC ACID,,C8H16O2,144.115,HMDB0000482,C06423,C18,M-H,143.107754,72.6,379,28837,5469
Ken-HFQE,4-ACETAMIDOBUTANOATE,,C6H11NO3,145.0739,HMDB0003681,C02946,C18,M-H,144.066614,21.7,18189,17645,NA
Ken-HFQE,1-NAPHTHYLAMINE,,C10H9N,143.0734993,HMDB0243964,C14790,HILIC,M+H,144.0808,49.3,NA,NA,NA
Ken-HFQE,ALPHA-KETOGLUTARIC ACID,,C5H6O5,146.0215,HMDB0000208,C00026,C18,M-H,145.014254,21,51,30915,5218
Ken-HFQE,L-GLUTAMINE,,C5H10N2O3,146.0691,HMDB0000641,C00064,C18,M-H,145.061864,22,5961,18050,5614
Ken-HFQE,DIMETHYLBENZIMIDAZOLE,,C9H10N2,146.0844,HMDB0003701,C03114,C18,M-H,145.077124,43.2,675,15890,NA
Ken-HFQE,L-GLUTAMIC ACID,,C5H9NO4,147.0532,HMDB0000148,C00025,C18,M-H,146.045848,19.8,33032,16015,NA
Ken-HFQE,3-METHYL-2-OXINDOLE,,C9H9NO,147.0684,HMDB0304943,C02366,C18,M-H,146.061134,32.4,150923,17397,NA
Ken-HFQE,4-ACETAMIDOBUTANOATE,,C6H11NO3,145.0738932,HMDB0003681,C02946,HILIC,M+H,146.0812,34.1,18189,17645,NA
Ken-HFQE,4-GUANIDINOBUTANOATE,,C5H11N3O2,145.0851266,HMDB0003464,C01035,HILIC,M+H,146.0924,38.2,500,15728,6938
Ken-HFQE,CITRAMALATE,,C5H8O5,148.0372,HMDB0000426,C00815,C18,M-H,147.029924,20.4,1081,15584,5415
Ken-HFQE,TRANS-CINNAMATE,,C9H8O2,148.0524,HMDB0000930,C10438,C18,M-H,147.045154,30,444539,35697,5880
Ken-HFQE,(RS)-MEVALONIC ACID LITHIUM SALT,,C6H12O4,148.0736,HMDB0000227,C00418,C18,M-H,147.066284,22.2,439230,17710,NA
Ken-HFQE,L-GLUTAMINE,,C5H10N2O3,146.0691422,HMDB0000641,C00064,HILIC,M+H,147.0764,87.3,5961,18050,5614
Ken-HFQE,DIMETHYLBENZIMIDAZOLE,,C9H10N2,146.0843983,HMDB0003701,C03114,HILIC,M+H,147.0922,28.8,675,15890,NA
Ken-HFQE,L-METHIONINE,,C5H11NO2S,149.051,HMDB0000696,C00073,C18,M-H,148.043774,26,6137,16643,5664
Ken-HFQE,3-METHYL-2-OXINDOLE,,C9H9NO,147.0684139,HMDB0304943,C02366,HILIC,M+H,148.0757,29.4,150923,17397,NA
Ken-HFQE,MESO-TARTARIC ACID,,C4H6O6,150.0164379,NA,C00552,C18,M-H,149.009124,19.8,NA,NA,NA
Ken-HFQE,2-HYDROXY-4-(METHYLTHIO)BUTYRIC ACID,,C5H10O3S,150.0351,HMDB0037115,NA,C18,M-H,149.0277889,21.6,11427,NA,NA
Ken-HFQE,TRANS-CINNAMATE,,C9H8O2,148.0524295,HMDB0000930,C10438,HILIC,M+H,149.0597,30,444539,35697,5880
Ken-HFQE,(RS)-MEVALONIC ACID LITHIUM SALT,,C6H12O4,148.0735589,HMDB0000227,C00418,HILIC,M+H,149.0808,36,439230,17710,NA
Ken-HFQE,L-METHIONINE,,C5H11NO2S,149.0510493,HMDB0000696,C00073,HILIC,M+H,150.0583,53,6137,16643,5664
Ken-HFQE,3-METHYLADENINE,,C6H7N5,149.0701452,HMDB0011600,C00913,HILIC,M+H,150.0774,41,1673,38635,NA
Ken-HFQE,XANTHINE,,C5H4N4O2,152.0334,HMDB0000292,C00385,C18,M-H,151.026154,24.9,1188,17712,82
Ken-HFQE,3-SULFINO-L-ALANINE,,C3H7NO4S,153.0096,HMDB0000996,C00606,C18,M-H,152.002304,18.3,1549098,16345,NA
Ken-HFQE,3-AMINO-5-HYDROXYBENZOIC ACID,,C7H7NO3,153.0425931,NA,C12107,C18,M-H,152.035324,24,NA,NA,NA
Ken-HFQE,GUANINE,,C5H5N5O,151.0494098,HMDB0000132,C00242,HILIC,M+H,152.0567,49.8,764,16235,315
Ken-HFQE,OCTOPAMINE,,C8H11NO2,153.079,HMDB0004825,C04227,C18,M-H,152.071694,30,440266,44715,7087
Ken-HFQE,DOPAMINE,,C8H11NO2,153.079,HMDB0000073,C03758,C18,M-H,152.071703,25.9,681,18243,64
Ken-HFQE,XANTHINE,,C5H4N4O2,152.0334254,HMDB0000292,C00385,HILIC,M+H,153.0407,45,1188,17712,82
Ken-HFQE,CYSTEAMINE,,C2H7NS,77.02991992,HMDB0002991,C01678,HILIC,2M-H,153.0515,75.6,6058,17141,3222
Ken-HFQE,3-SULFINO-L-ALANINE,,C3H7NO4S,153.0095784,HMDB0000996,C00606,HILIC,M+H,154.0169,114.6,1549098,16345,NA
Ken-HFQE,L-HISTIDINE,,C6H9N3O2,155.0695,HMDB0000177,C00135,C18,M-H,154.062197,23,6274,15971,21
Ken-HFQE,L-HISTIDINE,,C6H9N3O2,155.0695,HMDB0000177,C00135,C18,M-H,154.062204,23.4,6274,15971,21
Ken-HFQE,"2,4-DIHYDROXYPYRIMIDINE-5-CARBOXYLIC ACID",,C5H4N2O4,156.01711,NA,C03030,HILIC,M+H,157.0244,36,NA,NA,NA
Ken-HFQE,(S)-DIHYDROOROTATE,,C5H6N2O4,158.0328,HMDB0003349,C00337,C18,M-H,157.025484,20,439216,17025,6899
Ken-HFQE,ERYTHRITOL,,C4H10O4,122.0579,HMDB0002994,C00503,C18,M+Cl,157.0273,21.6,222285,17113,140
Ken-HFQE,NONANOATE,,C9H18O2,158.1307,HMDB0000847,C01601,C18,M-H,157.123404,99.6,8158,29019,5810
Ken-HFQE,INDOLE-3-ACETALDEHYDE,,C10H9NO,159.0684,HMDB0001190,C00637,C18,M-H,158.061134,60,800,18086,6068
Ken-HFQE,2-OXOADIPATE,,C6H8O5,160.0372,HMDB0000225,C00322,C18,M-H,159.029904,21,71,15753,5234
Ken-HFQE,(S)-DIHYDROOROTATE,,C5H6N2O4,158.0327567,HMDB0000528,C00337,HILIC,M+H,159.04056,144,648,30865,5513
Ken-HFQE,ALLANTOIN,,C4H6N4O3,158.0439901,HMDB0000462,C01551,HILIC,M+H,159.0513,46.8,204,15676,89
Ken-HFQE,6-CARBOXYHEXANOATE,,C7H12O4,160.0736,HMDB0000857,C02656,C18,M-H,159.066284,22.2,385,30531,3280
Ken-HFQE,TRYPTAMINE,,C10H12N2,160.1,HMDB0000303,C00398,C18,M-H,159.092774,39.6,1150,16765,NA
Ken-HFQE,INDOLE-3-ACETALDEHYDE,,C10H9NO,159.0684139,HMDB0001190,C00637,HILIC,M+H,160.0757,31.9,800,18086,6068
Ken-HFQE,INDOLE-3-ETHANOL,,C10H11NO,161.0841,HMDB0003447,C00955,C18,M-H,160.076784,44.4,10685,17890,6932
Ken-HFQE,3-HYDROXY-3-METHYLGLUTARATE,,C6H10O5,162.0528,HMDB0000355,C03761,C18,M-H,161.045554,22.6,1662,16831,5344
Ken-HFQE,DL-5-HYDROXYLYSINE,,C6H14N2O3,162.1004,HMDB0000450,C16741,C18,M-H,161.093164,32.4,3032849,18040,5439
Ken-HFQE,TRYPTAMINE,,C10H12N2,160.1000484,HMDB0000303,C00398,HILIC,M+H,161.1074,29,1150,16765,NA
Ken-HFQE,INDOLE-3-ETHANOL,,C10H11NO,161.084064,HMDB0003447,C00955,HILIC,M+H,162.0914,29.6,10685,17890,6932
Ken-HFQE,L-CARNITINE,,C7H15NO3,161.1057424,HMDB0000062,C00318,HILIC,M+H,162.1125,69,10917,16347,52
Ken-HFQE,"2,4-DIHYDROXYPTERIDINE",,C6H4N4O2,164.03343,NA,C03212,C18,M-H,163.026154,25.8,NA,NA,NA
Ken-HFQE,FUCOSE,,C6H12O5,164.0685,HMDB0000174,C01019,C18,M-H,163.061204,38.5,439554,42548,NA
Ken-HFQE,DL-5-HYDROXYLYSINE,,C6H14N2O3,162.1004423,HMDB0000450,C16741,HILIC,M+H,163.1077,145,3032849,18040,5439
Ken-HFQE,(S)-NICOTINE,,C10H14N2,162.1156985,HMDB0001934,C00745,HILIC,M+H,163.123,45,89594,17688,1526
Ken-HFQE,N-ACETYL-L-CYSTEINE,,C5H9NO3S,163.0303138,HMDB0001890,C06809,HILIC,M+H,164.0376,43.4,12035,28939,784
Ken-HFQE,PTERIN,,C6H5N5O,163.0494098,HMDB0000802,C00715,HILIC,M+H,164.0567,45,73000,18265,5766
Ken-HFQE,L-PHENYLALANINE,,C9H11NO2,165.079,HMDB0000159,C00079,C18,M-H,164.071704,25.4,6140,17295,28
Ken-HFQE,THIOPURINE S-METHYLETHER,,C6H6N4S,166.0313,HMDB0060412,C16614,C18,M-H,165.024044,28.2,5778,28279,NA
Ken-HFQE,"2,4-DIHYDROXYPTERIDINE",,C6H4N4O2,164.03343,NA,C03212,HILIC,M+H,165.0407,39,NA,NA,NA
Ken-HFQE,3-(2-HYDROXYPHENYL)PROPANOATE,,C9H10O3,166.063,HMDB0033752,C01198,C18,M-H,165.055724,25.2,873,16104,NA
Ken-HFQE,L-PHENYLALANINE,,C9H11NO2,165.0789786,HMDB0000159,C00079,HILIC,M+H,166.0863,48,6140,17295,28
Ken-HFQE,PHOSPHO(ENOL)PYRUVIC ACID,,C3H5O6P,167.9823744,HMDB0000263,C00074,C18,M-H,166.975104,18,NA,NA,NA
Ken-HFQE,URATE,,C5H4N4O3,168.0283,HMDB0000289,C00366,C18,M-H,167.021064,20,1175,17775,88
Ken-HFQE,HOMOGENTISATE,,C8H8O4,168.0423,HMDB0000130,C00544,C18,M-H,167.034984,22.2,780,44747,331
Ken-HFQE,THIOPURINE S-METHYLETHER,,C6H6N4S,166.0313169,HMDB0060412,C16614,HILIC,M+H,167.0386,33,5778,28279,NA
Ken-HFQE,3-(2-HYDROXYPHENYL)PROPANOATE,,C9H10O3,166.0629942,HMDB0033752,C01198,HILIC,M+H,167.0703,30,873,16104,NA
Ken-HFQE,PYRIDOXAMINE,,C8H12N2O2,168.0899,HMDB0001431,C00534,C18,M-H,167.082604,27.3,1052,16410,238
Ken-HFQE,"PYRIDINE-2,3-DICARBOXYLATE",,C7H5NO4,167.0218577,HMDB0000232,C03722,HILIC,M+H,168.0291,48,1066,16675,NA
Ken-HFQE,PYRIDOXINE,,C8H11NO3,169.0739,HMDB0000239,C00314,C18,M-H,168.066614,25.4,1054,16709,NA
Ken-HFQE,N(PAI)-METHYL-L-HISTIDINE,,C7H11N3O2,169.0851,HMDB0000001,C01152,C18,M-H,168.077854,24,92105,50599,3741
Ken-HFQE,3-METHOXYTYRAMINE,,C9H13NO2,167.0946287,HMDB0000022,C05587,HILIC,M+H,168.1018,30.4,1669,742324,5094
Ken-HFQE,DIHYDROXYACETONE PHOSPHATE,,C3H7O6P,169.998,HMDB0001473,C00111,C18,M-H,168.9907485,20.4,668,16108,6262
Ken-HFQE,URATE,,C5H4N4O3,168.02834,HMDB0000289,C00366,HILIC,M+H,169.0356,60.5,1175,17775,88
Ken-HFQE,PYRIDOXAMINE,,C8H12N2O2,168.0898776,HMDB0001431,C00534,HILIC,M+H,169.0972,78,1052,16410,238
Ken-HFQE,PYRIDOXINE,,C8H11NO3,169.0738932,HMDB0000239,C00314,HILIC,M+H,170.0812,51.7,1054,16709,NA
Ken-HFQE,N(PAI)-METHYL-L-HISTIDINE,,C7H11N3O2,169.0851266,HMDB0000001,C01152,HILIC,M+H,170.0924,91.5,92105,50599,3741
Ken-HFQE,GLYCEROL 2-PHOSPHATE,,C3H9O6P,172.0137,HMDB0002520,C02979,C18,M-H,171.006394,19.8,2526,17270,6708
Ken-HFQE,SN-GLYCEROL 3-PHOSPHATE,,C3H9O6P,172.0137,HMDB0000126,C00093,C18,M-H,171.0063985,21,439162,15978,5161
Ken-HFQE,3-DEHYDROSHIKIMATE,,C7H8O5,172.0371734,HMDB0304122,C02637,C18,M-H,171.029894,19.3,NA,NA,NA
Ken-HFQE,ANILINE-2-SULFONIC ACID,,C6H7NO3S,173.01467,NA,C00292,C18,M-H,172.007394,25.6,NA,NA,NA
Ken-HFQE,N-ACETYL-L-LEUCINE,,C8H15NO3,173.1052,HMDB0011756,C02710,C18,M-H,172.097914,22.8,70912,17786,NA
Ken-HFQE,TRANS-ACONITATE,,C6H6O6,174.0164,HMDB0000958,C02341,C18,M-H,173.009124,19.3,444212,32806,NA
Ken-HFQE,GLYCEROL 2-PHOSPHATE,,C3H9O6P,172.0136745,HMDB0002520,C02979,HILIC,M+H,173.021,108.1,2526,17270,6708
Ken-HFQE,SHIKIMATE,,C7H10O5,174.0528,HMDB0003070,C00493,C18,M-H,173.045554,18.1,8742,16119,338
Ken-HFQE,N-ALPHA-ACETYL-L-ASPARAGINE,,C6H10N2O4,174.0641,HMDB0006028,NA,C18,M-H,173.056784,19.9,99715,NA,NA
Ken-HFQE,INDOLE-3-ACETAMIDE,,C10H10N2O,174.0793,HMDB0029739,C02693,C18,M-H,173.072034,31.2,397,16031,NA
Ken-HFQE,SUBERIC ACID,,C8H14O4,174.0892,HMDB0000893,C08278,C18,M-H,173.081934,24.6,10457,9300,4243
Ken-HFQE,L-ARGININE,,C6H14N4O2,174.1117,HMDB0000517,C00062,C18,M-H,173.104403,23.3,6322,16467,5502
Ken-HFQE,N-?-METHYLTRYPTAMINE,,C11H13N2,174.1157,HMDB0004370,C06213,C18,M-H,173.108424,57.6,6088,28136,7057
Ken-HFQE,ANILINE-2-SULFONIC ACID,,C6H7NO3S,173.01467,NA,C00292,HILIC,M+H,174.0219,44.7,NA,NA,NA
Ken-HFQE,N-ACETYL-L-ASPARTIC ACID,,C6H9NO5,175.0481,HMDB0000812,C01042,C18,M-H,174.040794,20.8,65065,21547,5776
Ken-HFQE,N-AMIDINO-L-ASPARTATE,,C5H9N3O4,175.0593,HMDB0003157,C03139,C18,M-H,174.052034,21,439918,17072,10
Ken-HFQE,CITRULLINE,,C6H13N3O3,175.0957,HMDB0000904,C00327,C18,M-H,174.088414,21.6,9750,16349,16
Ken-HFQE,N-ACETYL-L-LEUCINE,,C8H15NO3,173.1051934,HMDB0011756,C02710,HILIC,M+H,174.1125,31,70912,17786,NA
Ken-HFQE,N-ALPHA-ACETYL-L-ASPARAGINE,,C6H10N2O4,174.0640568,HMDB0006028,NA,HILIC,M+H,175.07186,43.7,99715,NA,NA
Ken-HFQE,INDOLE-3-ACETAMIDE,,C10H10N2O,174.079313,HMDB0029739,C02693,HILIC,M+H,175.0866,30.6,397,16031,NA
Ken-HFQE,SEROTONIN,,C10H12N2O,176.095,HMDB0000259,C00780,C18,M-H,175.087684,30,5202,28790,NA
Ken-HFQE,SUBERIC ACID,,C8H14O4,174.0892089,HMDB0000893,C08278,HILIC,M+H,175.0965,30,10457,9300,4243
Ken-HFQE,L-ARGININE,,C6H14N4O2,174.1116757,HMDB0000517,C00062,HILIC,M+H,175.119,118,6322,16467,5502
Ken-HFQE,N-?-METHYLTRYPTAMINE,,C11H13N2,174.1156985,HMDB0004370,C06213,HILIC,M+H,175.123,29.3,6088,28136,7057
Ken-HFQE,FORMYL-L-METHIONYL PEPTIDE,,C6H11NO3S,177.046,HMDB0001015,C03145,C18,M-H,176.038694,21.6,439750,16552,NA
Ken-HFQE,N-ACETYL-L-ASPARTIC ACID,,C6H9NO5,175.0480724,HMDB0000812,C01042,HILIC,M+H,176.0554,42.6,65065,21547,5776
Ken-HFQE,N-AMIDINO-L-ASPARTATE,,C5H9N3O4,175.0593058,HMDB0003157,C03139,HILIC,M+H,176.0666,74,439918,17072,10
Ken-HFQE,INDOLE-3-ACETATE,,C10H9NO2,175.0633285,HMDB0000197,C00954,HILIC,M+H,176.0706,28.8,802,16411,NA
Ken-HFQE,INDOLE-3-ACETIC ACID,,C10H9NO2,175.0633285,HMDB0000197,C00954,HILIC,M+H,176.07113,29.3,802,16411,NA
Ken-HFQE,CITRULLINE,,C6H13N3O3,175.0956913,HMDB0000904,C00327,HILIC,M+H,176.103,91.2,9750,16349,16
Ken-HFQE,SEROTONIN,,C10H12N2O,176.094963,HMDB0000259,C00780,HILIC,M+H,177.1022,30.6,5202,28790,NA
Ken-HFQE,HIPPURATE,,C9H9NO3,179.0582,HMDB0000714,C01586,C18,M-H,178.050964,22.2,464,18089,1301
Ken-HFQE,FORMYL-L-METHIONYL PEPTIDE,,C6H11NO3S,177.0459639,HMDB0001015,C03145,HILIC,M+H,178.0532,33.6,439750,16552,NA
Ken-HFQE,"1-METHYL-6,7-DIHYDROXY-1,2,3,4-TETRAHYDROISOQUINOLINE",,C10H13NO2,179.0946,HMDB0005199,C09642,C18,M-H,178.087359,36.6,54456,123715,NA
Ken-HFQE,CAFFEATE,,C9H8O4,180.0423,HMDB0001964,C01481,C18,M-H,179.034984,22.8,689043,16433,NA
Ken-HFQE,L-METHIONINE SULFOXIMINE,,C5H12N2O3S,180.0569,HMDB0029430,C03510,C18,M-H,179.049594,21.6,16118,47833,NA
Ken-HFQE,S-CARBOXYMETHYL-L-CYSTEINE,,C5H9NO4S,179.0252285,HMDB0029415,NA,HILIC,M+H,180.0325,81.3,1080,971853,NA
Ken-HFQE,HIPPURATE,,C9H9NO3,179.0582432,HMDB0000714,C01586,HILIC,M+H,180.0655,30.6,464,18089,1301
Ken-HFQE,L-TYROSINE,,C9H11NO3,181.0739,HMDB0000158,C00082,C18,M-H,180.066614,25.2,6057,17895,34
Ken-HFQE,D-(+)-GLUCOSAMINE,,C6H13NO5,179.0793725,HMDB0001514,C00329,HILIC,M+H,180.0867,88.6,439213,47977,266
Ken-HFQE,D-MANNOSAMINE,,C6H13NO5,179.079376,NA,C03570,HILIC,M+H,180.0877,76.8,NA,NA,NA
Ken-HFQE,Salsolinol,,C10H13NO2,179.0946287,HMDB0005199,C09642,HILIC,M+H,180.1019,32.1,54456,123715,NA
Ken-HFQE,CAFFEATE,,C9H8O4,180.0422587,HMDB0001964,C01481,HILIC,M+H,181.0495,30.5,689043,16433,NA
Ken-HFQE,L-METHIONINE SULFOXIMINE,,C5H12N2O3S,180.056863,HMDB0029430,C03510,HILIC,M+H,181.06467,90.7,16118,47833,NA
Ken-HFQE,GALACTITOL,,C6H14O6,182.079,HMDB0000107,C01697,C18,M-H,181.071764,22.2,11850,16813,5148
Ken-HFQE,L-TYROSINE,,C9H11NO3,181.0738932,HMDB0000158,C00082,HILIC,M+H,182.0812,55.8,6057,17895,34
Ken-HFQE,DIHYDROXYMANDELIC ACID,,C8H8O5,184.0372,HMDB0001866,C05580,C18,M-H,183.029904,22.8,85782,27637,696
Ken-HFQE,METHYL VANILLATE,,C9H10O4,182.0579088,HMDB0240266,NA,HILIC,M+H,183.0652,29.5,NA,NA,NA
Ken-HFQE,4-HYDROXY-3-METHOXYPHENYLGLYCOL,,C9H12O4,184.0735589,HMDB0001490,C05594,C18,M-H,183.066324,25.8,NA,NA,NA
Ken-HFQE,4-PYRIDOXATE,,C8H9NO4,183.0531578,HMDB0000017,C00847,HILIC,M+H,184.06096,40.3,6723,17405,239
Ken-HFQE,PHOSPHOCHOLINE,,C5H14NO4P,183.066594,HMDB0001565,C00588,HILIC,M+H,184.073276,160,1014,18132,6326
Ken-HFQE,L-2-PHOSPHOGLYCERIC ACID,,C3H7O7P,185.9929,HMDB0000362,NA,C18,M-H,184.985624,24,59,24344,NA
Ken-HFQE,D-(-)-3-PHOSPHOGLYCERIC ACID,,C3H7O7P,185.9929,HMDB0000807,C00597,C18,M-H,184.985659,19.3,724,17050,150
Ken-HFQE,L-2-PHOSPHOGLYCERIC ACID,,C3H7O7P,185.9929391,HMDB0000362,NA,HILIC,M+H,187.0002,108,59,24344,NA
Ken-HFQE,1-HYDROXY-2-NAPHTHOATE,,C11H8O3,188.0473441,HMDB0243892,C03203,C18,M-H,187.040074,28.2,NA,NA,NA
Ken-HFQE,AZELAIC ACID,,C9H16O4,188.1049,HMDB0000784,C08261,C18,M-H,187.097584,25.2,2266,48131,5750
Ken-HFQE,NALPHA-ACETYL-L-LYSINE,,C8H16N2O3,188.1161,HMDB0000446,C12989,C18,M-H,187.108814,21.1,92907,35704,5435
Ken-HFQE,10-HYDROXYDECANOATE,,C10H20O3,188.14125,NA,C02774,C18,M-H,187.133974,38.4,NA,NA,NA
Ken-HFQE,4-HYDROXY-2-QUINOLINECARBOXYLIC ACID,,C10H7NO3,189.0426,HMDB0000715,C01717,C18,M-H,188.035314,21,3845,18344,5683
Ken-HFQE,N-ACETYL-DL-GLUTAMIC ACID,,C7H11NO5,189.0637,HMDB0001138,C00624,C18,M-H,188.056444,21,70914,17533,NA
Ken-HFQE,METHYL INDOLE-3-ACETATE,,C11H11NO2,189.079,HMDB0029738,NA,C18,M-H,188.071704,84,74706,72782,NA
Ken-HFQE,"LL-2,6-DIAMINOHEPTANEDIOATE",,C7H14N2O4,190.0954,HMDB0001370,C00666,C18,M-H,189.088084,19,439283,16026,352
Ken-HFQE,AZELAIC ACID,,C9H16O4,188.104859,HMDB0000784,C08261,HILIC,M+H,189.1121,30,2266,48131,5750
Ken-HFQE,NALPHA-ACETYL-L-LYSINE,,C8H16N2O3,188.1160924,HMDB0000446,C12989,HILIC,M+H,189.1234,76,92907,35704,5435
Ken-HFQE,10-HYDROXYDECANOATE,,C10H20O3,188.14125,NA,C02774,HILIC,M+H,189.1485,28.7,NA,NA,NA
Ken-HFQE,"NEPSILON,NEPSILON,NEPSILON-TRIMETHYLLYSINE",,C9H20N2O2,188.1524779,HMDB0001325,C03793,HILIC,M+H,189.1598,107.4,440120,17311,6161
Ken-HFQE,Kynurenic acid,,C10H7NO3,189.0425931,HMDB0000715,C01717,HILIC,M+H,190.0499,48,3845,18344,5683
Ken-HFQE,5-HYDROXYINDOLEACETATE,,C10H9NO3,191.0582,HMDB0000763,C05635,C18,M-H,190.050964,24.6,1826,27823,2975
Ken-HFQE,N-ACETYL-DL-METHIONINE,,C7H13NO3S,191.0616,HMDB0011745,C02712,C18,M-H,190.054344,22,448580,21557,NA
Ken-HFQE,N-ACETYL-DL-GLUTAMIC ACID,,C7H11NO5,189.0637225,HMDB0001138,C00624,HILIC,M+H,190.071,37.9,70914,17533,NA
Ken-HFQE,METHYL INDOLE-3-ACETATE,,C11H11NO2,189.0789786,HMDB0029738,NA,HILIC,M+H,190.0863,29.2,74706,72782,NA
Ken-HFQE,QUINATE,,C7H12O6,192.0634,HMDB0003072,C00296,C18,M-H,191.056114,20.3,6508,17521,NA
Ken-HFQE,diaminopimelic acid,,C7H14N2O4,190.0953569,HMDB0001370,C00666,HILIC,M+H,191.1027,207.6,439283,16026,352
Ken-HFQE,5-HYDROXYINDOLEACETATE,,C10H9NO3,191.0582432,HMDB0000763,C05635,HILIC,M+H,192.0657,30.7,1826,27823,2975
Ken-HFQE,N-ACETYL-DL-METHIONINE,,C7H13NO3S,191.061614,HMDB0011745,C02712,HILIC,M+H,192.0689,32.1,448580,21557,NA
Ken-HFQE,D-(+)-GALACTURONIC ACID,,C6H12O8,194.0427,HMDB0002545,C08348,C18,M-H,193.035324,21,84740,47962,6713
Ken-HFQE,D-GLUCURONIC ACID,,C6H10O7,194.0427,HMDB0000127,C00191,C18,M-H,193.035372,19.1,444791,42717,161
Ken-HFQE,FERULATE,,C10H10O4,194.0579,HMDB0000954,C01494,C18,M-H,193.050634,24.6,445858,17620,4156
Ken-HFQE,GLUCOSAMINATE,,C6H13NO6,195.07429,NA,C03752,C18,M-H,194.067014,21,NA,NA,NA
Ken-HFQE,2-HYDROXY-4-(METHYLTHIO)BUTYRIC ACID,,C5H10O3S,150.0350649,HMDB0037115,NA,HILIC,M+2Na-H,195.0062,31,11427,NA,NA
Ken-HFQE,FERULATE,,C10H10O4,194.0579088,HMDB0000954,C01494,HILIC,M+H,195.0652,30,445858,17620,4156
Ken-HFQE,CAFFEINE,,C8H10N4O2,194.0803756,HMDB0001847,C07481,HILIC,M+H,195.0877,32,2519,27732,1455
Ken-HFQE,GLUCOSAMINATE,,C6H13NO6,195.07429,NA,C03752,HILIC,M+H,196.0816,125,NA,NA,NA
Ken-HFQE,3-METHOXY-4-HYDROXYMANDELATE,,C9H10O5,198.0528,HMDB0000291,C05584,C18,M-H,197.045554,24,736172,1127735,697
Ken-HFQE,SELENOMETHIONINE,,C5H11NO2Se,196.9955004,HMDB0003966,C05335,HILIC,M+H,198.0028,53,105024,30021,NA
Ken-HFQE,2-DEOXY-D-GLUCOSE,,C6H12O5,164.06848,HMDB0062477,C00586,C18,M+Cl,199.0379,21.6,NA,NA,NA
Ken-HFQE,LAURIC ACID,,C12H24O2,200.1776,HMDB0000638,C02679,C18,M-H,199.170354,180,3893,30805,5611
Ken-HFQE,OROTIC ACID,,C5H6N2O5,156.0171066,HMDB0000226,C00295,HILIC,M+2Na-H,200.9883,60,967,16742,318
Ken-HFQE,DIETHYL 2-METHYL-3-OXOSUCCINATE,,C9H14O5,202.0841,HMDB0032306,C04067,C18,M-H,201.076854,96,97750,16879,NA
Ken-HFQE,ETHYL 3-INDOLEACETATE,,C12H13NO2,203.0946287,HMDB0304946,NA,C18,M-H,202.087354,126,NA,NA,NA
Ken-HFQE,L-TRYPTOPHANAMIDE,,C11H13N3O,203.1059,HMDB0013318,C00977,C18,M-H,202.098584,33,89366,791437,NA
Ken-HFQE,N6-(DELTA2-ISOPENTENYL)-ADENINE,,C10H13N5,203.1170954,HMDB0245646,C04083,C18,M-H,202.109824,37.2,NA,NA,NA
Ken-HFQE,XANTHURENIC ACID,,C10H7NO4,205.0375,HMDB0000881,C02470,C18,M-H,204.030234,21,5699,10072,5841
Ken-HFQE,INDOLE-3-PYRUVIC ACID,,C11H9NO3,203.0582432,HMDB0060484,C00331,HILIC,M+H,204.0655,60,803,29750,NA
Ken-HFQE,ETHYL 3-INDOLEACETATE,,C12H13NO2,203.09463,HMDB0304946,NA,HILIC,M+H,204.1019,27.3,NA,NA,NA
Ken-HFQE,L-TRYPTOPHANAMIDE,,C11H13N3O,203.1058621,HMDB0013318,C00977,HILIC,M+H,204.1131,37.7,89366,791437,NA
Ken-HFQE,O-ACETYL-L-CARNITINE,,C9H17NO4,203.115758,HMDB0000201,C02571,HILIC,M+H,204.123,54.7,NA,57589,NA
Ken-HFQE,N6-(DELTA2-ISOPENTENYL)-ADENINE,,C10H13N5,203.1170954,HMDB0245646,C04083,HILIC,M+H,204.1244,31.1,NA,NA,NA
Ken-HFQE,XANTHURENIC ACID,,C10H7NO4,205.0375077,HMDB0000881,C02470,HILIC,M+H,206.0448,48.9,5699,10072,5841
Ken-HFQE,LIPOAMIDE,,C8H15NOS2,205.0595055,HMDB0000962,C00248,HILIC,M+H,206.0668,29.7,863,17460,3372
Ken-HFQE,N-ACETYL-L-PHENYLALANINE,,C11H13NO3,207.0895,HMDB0000512,C03519,C18,M-H,206.082264,24,74839,16259,5498
Ken-HFQE,KYNURENINE,,C10H12N2O3,208.0848,HMDB0000684,C00328,C18,M-H,207.077514,24.6,161166,16946,72
Ken-HFQE,N-ACETYL-L-PHENYLALANINE,,C11H13NO3,207.0895433,HMDB0000512,C03519,HILIC,M+H,208.0968,30.3,74839,16259,5498
Ken-HFQE,D-SACCHARIC ACID,,C6H10O8,210.037567,HMDB0029881,C00818,C18,M-H,209.030291,20.4,NA,NA,NA
Ken-HFQE,GALACTARATE,,C6H10O8,210.0376,HMDB0000639,C00879,C18,M-H,209.030294,18.5,3037582,30852,5612
Ken-HFQE,3-METHOXY-L-TYROSINE,,C10H17NO6,211.0845,HMDB0001434,NA,C18,M-H,210.077224,24.6,NA,NA,NA
Ken-HFQE,INDOXYL SULFATE,,C8H7NO4S,213.0096,HMDB0000682,NA,C18,M-H,212.002324,24,10258,43355,524
Ken-HFQE,3-METHOXY-L-TYROSINE,,C10H17NO6,211.0844579,HMDB0001434,NA,HILIC,M+H,212.0917,54.6,NA,NA,NA
Ken-HFQE,DETHIOBIOTIN,,C10H18N2O3,214.1317,HMDB0003581,C01909,C18,M-H,213.124464,25.2,445027,42280,3351
Ken-HFQE,D-(+)-GLUCOSAMINE,,C6H13NO5,179.0794,HMDB0001514,C00329,C18,M+Cl,214.0488,26.3,439213,47977,266
Ken-HFQE,DETHIOBIOTIN,,C10H18N2O3,214.1317425,HMDB0003581,C01909,HILIC,M+H,215.13954,31,445027,42280,3351
Ken-HFQE,3-DEHYDROSHIKIMATE,,C7H8O5,172.0371734,HMDB0304122,C02637,HILIC,M+2Na-H,217.0087,40,NA,NA,NA
Ken-HFQE,MANNITOL,,C6H14O6,182.079,HMDB0000765,C00392,C18,M+Cl,217.0484,22.2,6251,16899,142
Ken-HFQE,METHYL BETA-D-GALACTOSIDE,,C7H14O6,194.0790382,HMDB0029965,NA,HILIC,M+Na,217.0683,47.5,445238,320055,NA
Ken-HFQE,N-ACETYLSEROTONIN,,C12H14N2O2,218.1055,HMDB0001238,C00978,C18,M-H,217.098254,30,903,17697,366
Ken-HFQE,OMEGA-HYDROXYDODECANOIC ACID,,C12H24O3,216.1725446,HMDB0002059,C08317,HILIC,M+H,217.1798,27.7,79034,39567,6465
Ken-HFQE,O-SUCCINYL-L-HOMOSERINE,,C8H13NO6,219.0742872,HMDB0255868,C01118,C18,M-H,218.067014,18.3,NA,NA,NA
Ken-HFQE,D-PANTOTHENIC ACID,,C9H17NO5,219.1107,HMDB0000210,C00864,C18,M-H,218.103394,23.1,6613,46905,NA
Ken-HFQE,D-TAGATOSE,,C6H12O6,180.0633881,HMDB0003418,C00795,HILIC,M+K,219.0265481,60.1,14408225,49092,NA
Ken-HFQE,5-HYDROXY-L-TRYPTOPHAN,,C11H12N2O3,220.0848,HMDB0000472,C00643,C18,M-H,219.077514,25.2,439280,17780,NA
Ken-HFQE,N-ACETYLSEROTONIN,,C12H14N2O2,218.1055277,HMDB0001238,C00978,HILIC,M+H,219.1128,29.9,903,17697,366
Ken-HFQE,FOLIC ACID,,C19H19N7O6,441.1397,HMDB0000121,C00504,C18,M-2H,219.5626,19,6037,27470,246
Ken-HFQE,O-SUCCINYL-L-HOMOSERINE,,C8H13NO6,219.0742872,HMDB0255868,C01118,HILIC,M+H,220.0816,72,NA,NA,NA
Ken-HFQE,D-PANTOTHENIC ACID,,C9H17NO5,219.1106727,HMDB0000210,C00864,HILIC,M+H,220.1179,35.6,6613,46905,NA
Ken-HFQE,L-CYSTATHIONINE,,C7H14N2O4S,222.0674,HMDB0000099,C02291,C18,M-H,221.060154,27,439258,17482,39
Ken-HFQE,5-HYDROXY-L-TRYPTOPHAN,,C11H12N2O3,220.0847923,HMDB0000472,C00643,HILIC,M+H,221.0921,58.5,439280,17780,NA
Ken-HFQE,N-ACETYL-D-GLUCOSAMINE,,C8H15NO6,221.0899372,HMDB0000215,C00140,HILIC,M+H,222.0972,53,439174,506227,3356
Ken-HFQE,3-HYDROXYKYNURENINE,,C10H12N2O4,224.0797,HMDB0000732,C02794,C18,M-H,223.072434,24.6,89,1547,5700
Ken-HFQE,L-CYSTATHIONINE,,C7H14N2O4S,222.0674276,HMDB0000099,C02291,HILIC,M+H,223.07523,197.4,439258,17482,39
Ken-HFQE,3-NITRO-L-TYROSINE,,C9H10N2O5,226.059,HMDB0001904,NA,C18,M-H,225.051694,23,65124,44454,6383
Ken-HFQE,3-HYDROXYKYNURENINE,,C10H12N2O4,224.0797069,HMDB0000732,C02794,HILIC,M+H,225.087,55.1,89,1547,5700
Ken-HFQE,CARNOSINE,,C9H14N4O3,226.1066,HMDB0000033,C00386,C18,M-H,225.099314,21,439224,15727,38
Ken-HFQE,METHYL JASMONATE,,C13H20O3,224.1412445,HMDB0036583,C11512,HILIC,M+H,225.1485,27.9,5367719,15929,NA
Ken-HFQE,3-NITRO-L-TYROSINE,,C9H10N2O5,226.0589714,HMDB0001904,NA,HILIC,M+H,227.0663,52.5,65124,44454,6383
Ken-HFQE,CARNOSINE,,C9H14N4O3,226.1065903,HMDB0000033,C00386,HILIC,M+H,227.1139,107.3,439224,15727,38
Ken-HFQE,MYRISTIC ACID,,C14H28O2,228.2089,HMDB0000806,C06424,C18,M-H,227.201654,220.2,11005,28875,196
Ken-HFQE,DEOXYCYTIDINE,,C9H13N3O4,227.0906059,HMDB0000014,C00881,HILIC,M+H,228.0979,49.7,13711,15698,3367
Ken-HFQE,D-RIBOSE 5-PHOSPHATE,,C5H11O8P,230.0192,HMDB0001548,C03736,C18,M-H,229.011884,21,440101,18189,NA
Ken-HFQE,DEOXYURIDINE,,C9H12N2O5,228.0746215,HMDB0000012,C00526,HILIC,M+H,229.08242,39,13712,16450,5086
Ken-HFQE,D-RIBOSE 5-PHOSPHATE,,C5H11O8P,230.0191538,HMDB0001548,C03736,HILIC,M+H,231.0264,150,440101,18189,NA
Ken-HFQE,MELATONIN,,C13H16N2O2,232.1212,HMDB0001389,C01598,C18,M-H,231.113904,39.6,896,16796,73
Ken-HFQE,MELATONIN,,C13H16N2O2,232.1211778,HMDB0001389,C01598,HILIC,M+H,233.1285,28.8,896,16796,73
Ken-HFQE,QUINATE,,C7H12O6,192.0633881,HMDB0003072,C00296,HILIC,M+2Na-H,237.0345,69.6,6508,17521,NA
Ken-HFQE,L-ANSERINE,,C10H16N4O3,240.1222,HMDB0000194,C01262,C18,M-H,239.114924,27,112072,18323,5209
Ken-HFQE,L-CYSTINE,,C6H12N2O4S2,240.0238483,HMDB0000192,C00491,HILIC,M+H,241.0311,211,67678,16283,5207
Ken-HFQE,LUMICHROME,,C12H10N4O2,242.08038,NA,C01727,C18,M-H,241.073104,36,NA,NA,NA
Ken-HFQE,THYMIDINE,,C10H14N2O5,242.0903,HMDB0000273,C00214,C18,M-H,241.082994,25.1,5789,17748,3375
Ken-HFQE,L-ANSERINE,,C10H16N4O3,240.1222404,HMDB0000194,C01262,HILIC,M+H,241.1295,102,112072,18323,5209
Ken-HFQE,CYTIDINE,,C9H13N3O5,243.0855,HMDB0000089,C00475,C18,M-H,242.078244,20,6175,17562,3376
Ken-HFQE,URIDINE,,C9H12N2O6,244.0695,HMDB0000296,C00299,C18,M-H,243.062264,24.4,6029,16704,90
Ken-HFQE,BIOTIN,,C10H16N2O3S,244.0882,HMDB0000030,C00120,C18,M-H,243.080894,24.6,171548,15956,243
Ken-HFQE,LUMICHROME,,C12H10N4O2,242.08038,NA,C01727,HILIC,M+H,243.0877,31.8,NA,NA,NA
Ken-HFQE,2-ACETAMIDO-2-DEOXY-BETA-D-GLUCOSYLAMINE,,C8H16N2O5,220.10592,HMDB0001104,C01239,HILIC,M+Na,243.0951,81,NA,NA,NA
Ken-HFQE,THYMIDINE,,C10H14N2O5,242.0902716,HMDB0000273,C00214,HILIC,M+H,243.0975,37,5789,17748,3375
Ken-HFQE,CYTIDINE,,C9H13N3O5,243.0855205,HMDB0000089,C00475,HILIC,M+H,244.0928,58.2,6175,17562,3376
Ken-HFQE,CYTIDINE 5'-DIPHOSPHOCHOLINE,,C14H26N4O11P2,488.1073307,HMDB0001413,C00307,HILIC,M+2H,245.0609,297.2,13805,49086,6229
Ken-HFQE,URIDINE,,C9H12N2O6,244.0695361,HMDB0000296,C00299,HILIC,M+H,245.0768,43.4,6029,16704,90
Ken-HFQE,N-ACETYL-D-TRYPTOPHAN,,C13H14N2O3,246.1004,HMDB0013713,NA,C18,M-H,245.093164,24.4,700653,74640,NA
Ken-HFQE,BIOTIN,,C10H16N2O3S,244.0881631,HMDB0000030,C00120,HILIC,M+H,245.0954,35.4,171548,15956,243
Ken-HFQE,N1-ACETYLSPERMINE,,C12H28N4O,244.2263115,HMDB0001186,C02567,HILIC,M+H,245.2336,102,916,17312,3369
Ken-HFQE,PYRIDOXAL 5'-PHOSPHATE,,C8H10NO6P,247.0246,HMDB0001491,C00018,C18,M-H,246.0172976,21.6,1051,18405,6275
Ken-HFQE,N-ACETYL-D-TRYPTOPHAN,,C13H14N2O3,246.1004423,HMDB0013713,C03137,HILIC,M+H,247.108,30,700653,74640,NA
Ken-HFQE,SELENOCYSTAMINE,,C4H12N2Se2,247.93309,NA,NA,HILIC,M+H,248.94089,73.6,NA,NA,NA
Ken-HFQE,PALMITOLEIC ACID,,C16H30O2,254.2246,HMDB0003229,C08362,C18,M-H,253.217304,228,445638,28716,188
Ken-HFQE,GALACTARATE,,C6H10O8,210.0375673,HMDB0000639,C00879,HILIC,M+2Na-H,255.0086,133.2,3037582,30852,5612
Ken-HFQE,D-SACCHARIC ACID,,C6H10O8,210.037567,HMDB0029881,C00818,HILIC,M+2Na-H,255.0087,78,NA,NA,NA
Ken-HFQE,ESTRADIOL-17ALPHA,,C18H24O2,272.17763,HMDB0000429,C02537,HILIC,M-H2O+H,255.1749,30,68570,17160,5418
Ken-HFQE,PALMITATE,,C16H32O2,256.2402,HMDB0000220,C00249,C18,M-H,255.232954,252,985,15756,187
Ken-HFQE,D-GLUCOSAMINE 6-SULFATE,,C8H15NO9S,259.0362,HMDB0000592,C04132,C18,M-H,258.028914,21,72361,133343,5571
Ken-HFQE,D-GLUCOSAMINE 6-PHOSPHATE,,C6H14NO8P,259.0457,HMDB0001254,C00352,C18,M-H,258.038434,21,439217,15873,6111
Ken-HFQE,SN-GLYCERO-3-PHOSPHOCHOLINE,,C8H20NO6P,257.1028244,HMDB0000086,C00670,HILIC,M+H,258.1101,114.6,657272,16870,370
Ken-HFQE,ALPHA-D-GALACTOSE 1-PHOSPHATE,,C6H13O9P,260.0297,HMDB0000645,C00446,C18,M-H,259.022434,20.4,123912,17973,NA
Ken-HFQE,D-GLUCOSAMINE 6-SULFATE,,C8H15NO9S,259.0361871,HMDB0000592,C04132,HILIC,M+H,260.0435,109.6,72361,133343,5571
Ken-HFQE,D-GLUCOSAMINE 6-PHOSPHATE,,C6H14NO8P,259.0457029,HMDB0001254,C00352,HILIC,M+H,260.053,275,439217,15873,6111
Ken-HFQE,DEOXYURIDINE,,C9H12N2O5,228.0746,HMDB0000012,C00526,C18,M+Cl,263.044,24,13712,16450,5086
Ken-HFQE,THIAMINE,,C12H17N4OS,264.1050309,HMDB0000235,C00378,HILIC,M+H,265.1118,60,1130,18385,NA
Ken-HFQE,ADENOSINE,,C10H13N5O4,267.0968,HMDB0000050,C00212,C18,M-H,266.089484,24,60961,16335,86
Ken-HFQE,2'-DEOXYGUANOSINE,,C10H13N5O4,267.0968,HMDB0000085,C00330,C18,M-H,266.089524,26.4,187790,17172,3395
Ken-HFQE,HOMOCYSTINE,,C8H16N2O4S2,268.0551,HMDB0000575,C01817,C18,M-H,267.047874,20.4,10010,17485,5557
Ken-HFQE,INOSINE,,C10H12N4O5,268.0808,HMDB0000195,C00294,C18,M-H,267.073494,24,6021,17596,84
Ken-HFQE,HOMOCYSTINE,,C8H16N2O4S2,268.0551484,HMDB0000575,C01817,HILIC,M+H,269.0625,145.9,10010,17485,5557
Ken-HFQE,INOSINE,,C10H12N4O5,268.0807695,HMDB0000195,C00294,HILIC,M+H,269.088,47.5,6021,17596,84
Ken-HFQE,RETINOL,,C20H30O,286.2296656,HMDB0000305,C17276,HILIC,M-H2O+H,269.2269,26.4,445354,17336,NA
Ken-HFQE,HEPTADECANOATE,,C17H34O2,270.2559,HMDB0002259,NA,C18,M-H,269.248604,266.4,10465,32365,6578
Ken-HFQE,ESTRADIOL-17ALPHA,,C18H24O2,272.1776,HMDB0000429,C02537,C18,M-H,271.170354,151.8,68570,17160,5418
Ken-HFQE,6-PHOSPHOGLUCONIC ACID,,C6H13O10P,276.0246,HMDB0001316,C00345,C18,M-H,275.017364,17.3,91493,48928,367
Ken-HFQE,GAMMA-LINOLENIC ACID,,C18H30O2,278.2246,HMDB0003073,C06426,C18,M-H,277.217304,223.2,5280933,28661,386
Ken-HFQE,GAMMA-LINOLENIC ACID,,C18H30O2,278.2245802,HMDB0003073,C06426,HILIC,M+H,279.2319,26,5280933,28661,386
Ken-HFQE,LINOLEATE,,C18H32O2,280.2402,HMDB0000673,C01595,C18,M-H,279.232954,237.6,5280450,17351,191
Ken-HFQE,LINOLEATE,,C18H32O2,280.2402303,HMDB0000673,C01595,HILIC,M+H,281.2475,26,5280450,17351,191
Ken-HFQE,GUANOSINE,,C10H13N5O5,283.0917,HMDB0000133,C00387,C18,M-H,282.084394,22,6802,16750,87
Ken-HFQE,1-METHYLADENOSINE,,C11H15N5O4,281.112404,HMDB0003331,C02494,HILIC,M+H,282.1197,40.5,27476,16020,6888
Ken-HFQE,OLEATE,,C18H34O2,282.2558803,HMDB0000207,C00712,HILIC,M+H,283.2632,26.8,445639,16196,190
Ken-HFQE,STEARATE,,C18H36O2,284.2715,HMDB0000827,C01530,C18,M-H,283.264254,282,5281,28842,189
Ken-HFQE,GUANOSINE,,C10H13N5O5,283.0916686,HMDB0000133,C00387,HILIC,M+H,284.0989,54.7,6802,16750,87
Ken-HFQE,XANTHOSINE,,C10H12N4O6,284.0756841,HMDB0000299,C01762,HILIC,M+H,285.083,50.6,64959,18107,3408
Ken-HFQE,STEARATE,,C18H36O2,284.2715304,HMDB0000827,C01530,HILIC,M+H,285.2788,30,5281,28842,189
Ken-HFQE,OPHTHALMIC ACID,,C11H19N3O6,289.1274,HMDB0005765,NA,C18,M-H,288.120114,20.4,7018721,84058,NA
Ken-HFQE,OPHTHALMIC ACID,,C11H19N3O6,289.1273854,HMDB0005765,NA,HILIC,M+H,290.1347,80,7018721,84058,NA
Ken-HFQE,RETINOATE,,C20H28O2,300.2089,HMDB0001852,C00777,C18,M-H,299.201654,225.6,444795,15367,NA
Ken-HFQE,RETINOATE,,C20H28O2,300.2089301,HMDB0001852,C00777,HILIC,M+H,301.21673,26.5,444795,15367,NA
Ken-HFQE,SPHINGANINE,,C18H39NO2,301.2980795,HMDB0000269,C00836,HILIC,M+H,302.3054,25.5,91486,16566,NA
Ken-HFQE,"CYTIDINE 2',3'-CYCLIC MONO-PHOS-PHATE",,C9H12N3O7P,305.0413,HMDB0011691,C00127,C18,M-H,304.034014,18.2,65359,17858,NA
Ken-HFQE,"CYTIDINE 2',3'-CYCLIC MONO-PHOS-PHATE",,C9H12N3O7P,305.0412863,HMDB0011691,C00127,HILIC,M+H,306.0486,100.8,65359,17858,NA
Ken-HFQE,2'-DEOXYCYTIDINE 5'-MONOPHOSPHATE,,C9H14N3O7P,307.0569,HMDB0001202,C00239,C18,M-H,306.049664,17.8,13945,15918,6078
Ken-HFQE,2'-DEOXYURIDINE 5'-MONO-PHOS-PHATE,,C9H13N2O8P,308.041,HMDB0001409,C00365,C18,M-H,307.033684,17.5,65063,17622,6225
Ken-HFQE,2'-DEOXYCYTIDINE 5'-MONOPHOSPHATE,,C9H14N3O7P,307.0569363,HMDB0001202,C00239,HILIC,M+H,308.0642,147.2,13945,15918,6078
Ken-HFQE,N-ACETYLNEURAMINATE,,C11H19NO9,309.106,HMDB0000230,C19910,C18,M-H,308.098704,19.8,445063,45744,NA
Ken-HFQE,"D-RIBULOSE 1,5-BISPHOSPHATE",,C5H12O11P2,309.9855,HMDB0011688,C01151,C18,M-H,308.978204,19.2,14035695,68819,NA
Ken-HFQE,2'-DEOXYURIDINE 5'-MONO-PHOS-PHATE,,C9H13N2O8P,308.0409519,HMDB0001409,C00365,HILIC,M+H,309.04876,98.4,65063,17622,6225
Ken-HFQE,N-ACETYLNEURAMINATE,,C11H19NO9,309.1059812,HMDB0000230,C19910,HILIC,M+H,310.11378,76.5,445063,45744,NA
Ken-HFQE,ARACHIDIC ACID,,C20H40O2,312.3028,HMDB0002212,C06425,C18,M-H,311.295554,292.2,10467,28822,401
Ken-HFQE,1-METHYLADENOSINE,,C11H15N5O4,281.1124,HMDB0003331,C02494,C18,M+Cl,316.0818,24.1,27476,16020,6888
Ken-HFQE,3'-CMP,,C9H14N3O8P,323.0519,HMDB0000095,C00055,C18,M-H,322.044584,32.7,6131,17361,NA
Ken-HFQE,URIDINE-5-MONOPHOSPHATE,,C9H13N2O9P,324.0359,HMDB0000288,C00105,C18,M-H,323.028594,18.2,6030,16695,NA
Ken-HFQE,CMP,,C9H14N3O8P,323.051851,HMDB0000095,C00055,HILIC,M+H,324.0591,168,6131,17361,NA
Ken-HFQE,3'-CMP,,C9H14N3O8P,323.051851,HMDB0000095,C00055,HILIC,M+H,324.05966,165.3,6131,17361,NA
Ken-HFQE,URIDINE-5-MONOPHOSPHATE,,C9H13N2O9P,324.0358665,HMDB0000288,C00105,HILIC,M+H,325.0431,149,6030,16695,NA
Ken-HFQE,DOCOSAHEXAENOIC ACID,,C22H32O2,328.2402,HMDB0002183,C06429,C18,M-H,327.232954,227.4,445580,28125,3457
Ken-HFQE,"ADENOSINE 2',3'-CYCLIC MONOPHOSPHATE",,C10H12N5O6P,329.0525,HMDB0011616,C08355,C18,M-H,328.045224,20,441483,27520,NA
Ken-HFQE,DOCOSAHEXAENOIC ACID,,C22H32O2,328.2402303,HMDB0002183,C06429,HILIC,M+H,329.2475,27.2,445580,28125,3457
Ken-HFQE,DAMP,,C10H14N5O6P,331.0681697,HMDB0000905,C00360,HILIC,M+H,332.07597,122.2,12599,17713,3461
Ken-HFQE,NAD,,C21H27N7O14P2,663.1091216,HMDB0000902,C00003,HILIC,M+2H,332.5618,293.2,5892,44215,NA
Ken-HFQE,NICOTINAMIDE MONONUCLEOTIDE,,C11H15N2O8P,334.0566024,HMDB0000229,C00455,HILIC,M+H,335.0639,132.8,14181,14648,NA
Ken-HFQE,LEUKOTRIENE B4,,C20H32O4,336.2301,HMDB0001085,C02165,C18,M-H,335.222784,114,5280492,15647,NA
Ken-HFQE,5-AMINOIMIDAZOLE-4-CARBOXAMIDE-1-BETA-D-RIBOFURANOSYL 5'-MONOPHOSPHATE,,C9H15N4O8P,338.0628,HMDB0001517,C04677,C18,M-H,337.055474,17.4,65110,18406,6294
Ken-HFQE,LEUKOTRIENE B4,,C20H32O4,336.2300595,HMDB0001085,C02165,HILIC,M+H,337.2373,28,5280492,15647,NA
Ken-HFQE,"FRUCTOSE 1,6-BIPHOSPHATE",,C6H14O12P2,339.996,HMDB0001058,C05378,C18,M-H,338.988784,20,10267,28013,147
Ken-HFQE,5-AMINOIMIDAZOLE-4-CARBOXAMIDE-1-BETA-D-RIBOFURANOSYL 5'-MONOPHOSPHATE,,C9H15N4O8P,338.06275,HMDB0001517,C04677,HILIC,M+H,339.0701,180,65110,18406,6294
Ken-HFQE,LAUROYLCARNITINE,,C19H37NO4,343.2722591,HMDB0002250,NA,HILIC,M+H,344.2795,26.9,168381,77086,6573
Ken-HFQE,THIAMINE MONOPHOSPHATE,,C12H17N4O4PS,344.0713613,HMDB0002666,C01081,HILIC,M+H,345.0781,211.5,1131,9533,NA
Ken-HFQE,REICHSTEIN?S SUBSTANCE S,,C21H30O4,346.2144,HMDB0000015,C05488,C18,M-H,345.207134,97.8,440707,28324,5088
Ken-HFQE,Cortexolone,,C21H30O4,346.2144094,HMDB0000015,C05488,HILIC,M+H,347.2217,29.1,440707,28324,5088
Ken-HFQE,ADENOSINE 5'-MONOPHOSPHATE,,C10H14N5O7P,347.0630843,HMDB0000045,C00020,HILIC,M+H,348.0704,147.6,6083,16027,5111
Ken-HFQE,2'-DEOXYGUANOSINE 5'-MONOPHOSPHATE,,C10H14N5O7P,347.0630843,HMDB0001044,C00362,HILIC,M+H,348.07089,177.8,65059,16192,NA
Ken-HFQE,INOSINE 5'-MONOPHOSPHATE,,C10H13N4O8P,348.0470999,HMDB0000175,C00130,HILIC,M+H,349.0544,195.6,8582,17202,5196
Ken-HFQE,INOSINE 5'-PHOSPHATE,,C10H13N4O8P,348.0470999,HMDB0000175,C00130,HILIC,M+H,349.0549,185.8,8582,17202,5196
Ken-HFQE,Tetrahydrocortisol,,C21H34O5,366.24062,NA,C05472,HILIC,M-H2O+H,349.2379,30,NA,NA,NA
Ken-HFQE,1-OLEOYL-RAC-GLYCEROL,,C21H40O4,356.2926598,NA,NA,HILIC,M+H,357.2999,27.1,NA,NA,NA
Ken-HFQE,ROSMARINIC ACID,,C18H16O8,360.0845,HMDB0003572,C01850,C18,M-H,359.077244,22.2,5281792,50371,6960
Ken-HFQE,3ALPHA-HYDROXY-5BETA-CHOLANATE,,C24H40O3,376.2977451,HMDB0000761,C03990,HILIC,M-H2O+H,359.295,30,9903,16325,209
Ken-HFQE,ROSMARINIC ACID,,C18H16O8,360.0845175,HMDB0003572,C01850,HILIC,M+H,361.092,30,5281792,50371,6960
Ken-HFQE,GUANOSINE 5'-MONOPHOSPHATE,,C10H14N5O8P,363.058,HMDB0001397,C00144,C18,M-H,362.050724,18,6804,17345,6216
Ken-HFQE,XANTHOSINE 5'-MONOPHOSPHATE,,C10H13N4O9P,364.042015,HMDB0001554,C00655,C18,M-H,363.034744,16.8,NA,NA,NA
Ken-HFQE,CORTISOL,,C21H30O5,362.2093241,HMDB0000063,C00735,HILIC,M+H,363.2166,29.8,5754,17650,NA
Ken-HFQE,GUANOSINE 5'-MONOPHOSPHATE,,C10H14N5O8P,363.057999,HMDB0001397,C00144,HILIC,M+H,364.0653,256,6804,17345,6216
Ken-HFQE,XANTHOSINE 5'-MONOPHOSPHATE,,C10H13N4O9P,364.0420145,HMDB0001554,C00655,HILIC,M+H,365.04982,258.4,NA,NA,NA
Ken-HFQE,D-(+)-TREHALOSE,,C12H22O11,342.1162115,HMDB0000975,C01083,HILIC,M+Na,365.1065,99.6,7427,16551,5913
Ken-HFQE,"3-ALPHA,11-BETA,17-ALPHA,21-TETRAHYDROXY- 5-ALPHA-PREGNAN-20-ONE",,C21H34O5,366.24062,NA,C05472,C18,M-H,365.233344,64.8,NA,NA,NA
Ken-HFQE,DEOXYCORTICOSTERONE ACETATE,,C23H32O4,372.2300595,NA,C14554,HILIC,M+H,373.2373,27.1,NA,NA,NA
Ken-HFQE,CHOLATE,,C24H40O5,408.2875744,HMDB0000619,C00695,HILIC,M+H-2H2O,373.2748,31.4,221493,16359,206
Ken-HFQE,3ALPHA-HYDROXY-5BETA-CHOLANATE,,C24H40O3,376.2977,HMDB0000761,C03990,C18,M-H,375.290474,195.6,9903,16325,209
Ken-HFQE,RIBOFLAVIN,,C17H20N4O6,376.1382844,HMDB0000244,C00255,HILIC,M+H,377.1456,44.7,493570,17015,NA
Ken-HFQE,COENZYME A,,C21H36N7O16P3S,767.1152,HMDB0001423,C00010,C18,M-2H,382.5507,30,87642,15346,NA
Ken-HFQE,S-(5'-ADENOSYL)-L-HOMOCYSTEINE,,C14H20N6O5S,384.1216,HMDB0000939,C00021,C18,M-H,383.114314,21,439155,16680,296
Ken-HFQE,S-(5'-ADENOSYL)-L-HOMOCYSTEINE,,C14H20N6O5S,384.1215885,HMDB0000939,C00021,HILIC,M+H,385.12939,94.8,439155,16680,296
Ken-HFQE,25-HYDROXYCHOLESTEROL,,C27H46O2,402.3497807,HMDB0006247,C15519,HILIC,M-H2O+H,385.347,27,53477807,37616,3899
Ken-HFQE,2'-DEOXYCYTIDINE 5'-DIPHOSPHATE,,C9H15N3O10P2,387.0233,HMDB0001245,C00705,C18,M-H,386.015994,19.2,150855,28846,6105
Ken-HFQE,5-PHOSPHO-D-RIBOSE 1-DIPHOSPHATE,,C5H13O14P3,389.9518,HMDB0000280,C00119,C18,M-H,388.944544,35.4,7339,17111,5274
Ken-HFQE,S-HEXYL-GLUTATHIONE,,C16H29N3O6S,391.17771,NA,C02886,C18,M-H,390.170434,24.6,NA,NA,NA
Ken-HFQE,S-HEXYL-GLUTATHIONE,,C16H29N3O6S,391.17771,NA,C02886,HILIC,M+H,392.18551,54.2,NA,NA,NA
Ken-HFQE,VITAMIN D2,,C28H44O,396.339216,HMDB0000900,C05441,HILIC,M+H,397.3465,26.7,5280793,28934,5856
Ken-HFQE,S-(5'-ADENOSYL)-L-METHIONINE,,C15H23N6O5S,398.137239,HMDB0001185,C00019,HILIC,M+H,399.1445,132.6,34756,15414,6064
Ken-HFQE,CYTIDINE 5'-DIPHOSPHATE,,C9H15N3O11P2,403.0182,HMDB0001546,C00112,C18,M-H,402.010914,20.4,6132,17239,6313
Ken-HFQE,URIDINE 5'-DIPHOSPHATE,,C9H14N2O12P2,404.0022,HMDB0000295,C00015,C18,M-H,402.994924,18.6,6031,17659,NA
Ken-HFQE,CORTISOL 21-ACETATE,,C23H32O6,404.2198887,NA,C02821,C18,M-H,403.212614,114.6,NA,NA,NA
Ken-HFQE,CORTISOL 21-ACETATE,,C23H32O6,404.2198887,NA,C02821,HILIC,M+H,405.2272,28.2,NA,NA,NA
Ken-HFQE,CORTISOL,,C21H30O5,362.2093,HMDB0000063,C00735,C18,M+FA-H,407.2075,51.6,5754,17650,NA
Ken-HFQE,CHOLATE,,C24H40O5,408.2876,HMDB0000619,C00695,C18,M-H,407.280304,90,221493,16359,206
Ken-HFQE,2'-DEOXYADENOSINE 5'-DIPHOSPHATE,,C10H15N5O9P2,411.0345,HMDB0001508,C00206,C18,M-H,410.027234,30.8,188966,16174,NA
Ken-HFQE,THIAMINE PYROPHOSPHATE,,C12H18N4O7P2S,424.0377,HMDB0001372,C00068,C18,M-H,423.029824,22,1132,9532,2832
Ken-HFQE,3-METHYLCROTONYL-COA,,C26H42N7O17P3S,849.1571,HMDB0001493,C03069,C18,M-2H,423.5713,32.3,9549326,15486,NA
Ken-HFQE,THIAMINE PYROPHOSPHATE,,C12H18N4O7P2S,424.0376917,HMDB0001372,C00068,HILIC,M+H,425.0444,294,1132,9532,2832
Ken-HFQE,2'-DEOXYGUANOSINE 5'-DIPHOSPHATE,,C10H15N5O10P2,427.0294,HMDB0000960,C00361,C18,M-H,426.022134,36,439220,28862,5906
Ken-HFQE,INOSINE 5'-DIPHOSPHATE,,C10H14N4O11P2,428.0134,HMDB0003335,C00104,C18,M-H,427.006164,20.3,644173,17808,6892
Ken-HFQE,INOSINE 5'-DIPHOSPHATE,,C10H14N4O11P2,428.0134303,HMDB0003335,C00104,HILIC,M+H,429.02124,197,644173,17808,6892
Ken-HFQE,"3,5-DIIODO-L-TYROSINE",,C9H9I2NO3,432.8672,HMDB0003474,C01060,C18,M-H,431.859904,25.8,9305,15768,6940
Ken-HFQE,"3,5-DIIODO-L-TYROSINE",,C9H9I2NO3,432.86718,HMDB0003474,C01060,HILIC,M+H,433.8744,47.4,9305,15768,6940
Ken-HFQE,GUANOSINE 5'-DIPHOSPHATE,,C10H15N5O11P2,443.0243,HMDB0001201,C00035,C18,M-H,442.017044,19.8,8977,17552,6077
Ken-HFQE,FOLIC ACID,,C19H19N7O6,441.1396814,HMDB0000121,C00504,HILIC,M+H,442.147,48.3,6037,27470,246
Ken-HFQE,DIHYDROFOLATE,,C19H21N7O6,443.1553,HMDB0001056,C00415,C18,M-H,442.148054,18.8,98792,15633,5970
Ken-HFQE,MENAQUINONE (Menatetrenone),,C31H40O2,444.3028305,HMDB0030017,C00828,HILIC,M+H,445.3101,26.9,5282367,78277,NA
Ken-HFQE,GLYCOCHOLATE,,C26H43NO6,465.309,HMDB0000138,C01921,C18,M-H,464.301764,33,10140,17687,NA
Ken-HFQE,TAUROLITHOCHOLATE,,C26H45NO5S,483.3018447,HMDB0000722,C02592,HILIC,M-H2O+H,466.2991,42.5,439763,36259,5690
Ken-HFQE,GLYCOCHOLATE,,C26H43NO6,465.3090381,HMDB0000138,C01921,HILIC,M+H,466.3163,37.5,10140,17687,NA
Ken-HFQE,2'-DEOXYURIDINE 5'-TRIPHOSPHATE,,C9H15N2O14P3,467.9736,HMDB0001191,C00460,C18,M-H,466.966344,36,65070,17625,6069
Ken-HFQE,2'-DEOXYADENOSINE 5'-TRIPHOSPHATE,,C10H16N5O12P3,491.0008,HMDB0001532,C00131,C18,M-H,489.993564,29.4,15993,16284,6303
Ken-HFQE,INOSINE 5'-TRIPHOSPHATE,,C10H15N4O14P3,507.9798,HMDB0000189,C00081,C18,M-H,506.972494,26.4,8583,16039,NA
Ken-HFQE,GUANOSINE 5'-TRIPHOSPHATE,,C10H16N5O14P3,522.9907,HMDB0001273,C00044,C18,M-H,521.983394,36,6830,15996,6128
Ken-HFQE,"3,5-DIIODO-L-THYRONINE",,C15H13I2NO4,524.8934,HMDB0000582,NA,C18,M-H,523.886134,31.2,123675,350682,5564
Ken-HFQE,"3,5-DIIODO-L-THYRONINE",,C15H13I2NO4,524.8933947,HMDB0000582,NA,HILIC,M+H,525.9007,39.6,123675,350682,5564
Ken-HFQE,D-(+)-RAFFINOSE,,C18H32O16,504.169035,HMDB0003213,C00492,HILIC,M+Na,527.1583,138,439242,16634,NA
Ken-HFQE,D-(+)-RAFFINOSE,,C18H32O16,504.169,HMDB0003213,C00492,C18,M+Cl,539.1384,22,439242,16634,NA
Ken-HFQE,URIDINE 5'-DIPHOSPHOGALACTOSE,,C15H24N2O16P2,550.0601,HMDB0012305,C02199,C18,M-H,549.0528298,17.5,192751,84725,NA
Ken-HFQE,"1,2-DIPALMITOYL-SN-GLYCEROL",,C35H68O5,568.5066753,HMDB0007098,NA,HILIC,M-H2O+H,551.5039,27.7,NA,NA,NA
Ken-HFQE,ADENOSINE 5'-DIPHOSPHORIBOSE,,C15H23N5O14P2,559.0717,HMDB0001178,C00301,C18,M-H,558.064404,17.4,192,16960,6059
Ken-HFQE,PROTOPORPHYRIN,,C34H34N4O4,562.258,HMDB0000241,C02191,C18,M-H,561.250734,180,NA,15430,NA
Ken-HFQE,THYMIDINE-5'-DIPHOSPHO-ALPHA-D-GLUCOSE,,C16H26N2O16P2,564.0758,HMDB0001328,C00842,C18,M-H,563.068484,18,NA,15700,6163
Ken-HFQE,PROTOPORPHYRIN,,C34H34N4O4,562.2580056,HMDB0000241,C02191,HILIC,M+H,563.2653,27.9,NA,15430,NA
Ken-HFQE,URIDINE 5'-DIPHOSPHOGLUCOSE,,C15H24N2O17P2,566.055,HMDB0000286,C00029,C18,M-H,565.047754,18.7,8629,46229,NA
Ken-HFQE,"1,2-DIDECANOYL-SN-GLYCERO-3-PHOSPHOCHOLINE",,C28H56NO8P,565.37436,NA,NA,HILIC,M+H,566.3816,37.8,NA,NA,NA
Ken-HFQE,URIDINE 5'-DIPHOSPHOGLUCURONIC ACID,,C15H22N2O18P2,580.0343,HMDB0000935,C00167,C18,M-H,579.027026,17.8,17473,17200,5884
Ken-HFQE,BILIVERDIN,,C33H34N4O6,582.2478,HMDB0001008,C00500,C18,M-H,581.240564,66.6,5353439,17033,5938
Ken-HFQE,BILIVERDIN,,C33H34N4O6,582.2478348,HMDB0001008,C00500,HILIC,M+H,583.2551,27.7,5353439,17033,5938
Ken-HFQE,BILIRUBIN,,C33H36N4O6,584.2635,HMDB0000054,C00486,C18,M-H,583.256214,180,5280352,16990,81
Ken-HFQE,BILIRUBIN,,C33H36N4O6,584.2634849,HMDB0000054,C00486,HILIC,M+H,585.2708,26.1,5280352,16990,81
Ken-HFQE,ADENOSINE-5'-DIPHOSPHOGLUCOSE,,C16H25N5O15P2,589.0822,HMDB0006557,C00498,C18,M-H,588.0749622,19.4,16500,15751,NA
Ken-HFQE,GUANOSINE 5'-DIPHOSPHO-D-MANNOSE,,C16H25N5O16P2,605.0771537,NA,NA,C18,M-H,604.069884,17,NA,NA,NA
Ken-HFQE,GUANOSINE 5'-DIPHOSPHOGLUCOSE,,C16H25N5O16P2,605.0771537,NA,NA,C18,M-H,604.069924,18,NA,NA,NA
Ken-HFQE,URIDINE 5'-DIPHOSPHO-N-ACETYLGALACTOSAMINE,,C17H27N3O17P2,607.0816,HMDB0000304,NA,C18,M-H,606.074267,17,1167,NA,NA
Ken-HFQE,URIDINE 5'-DIPHOSPHO-N-ACETYLGLUCOSAMINE,,C17H27N3O17P2,607.0816,HMDB0000290,C00043,C18,M-H,606.074304,17.8,445675,16264,5281
Ken-HFQE,"3,3',5'-TRIIODOTHYRONINE",,C15H12I3NO4,650.79,HMDB0000265,C02465,C18,M-H,649.782794,43.2,5920,18258,NA
Ken-HFQE,"3,3',5'-TRIIODOTHYRONINE",,C15H12I3NO4,650.7900381,HMDB0000265,C02465,HILIC,M+H,651.7973,38.2,5920,18258,NA
Ken-HFQE,NAD,,C21H27N7O14P2,663.1091,HMDB0000902,C00003,C18,M-H,662.101844,18.5,5892,44215,NA
Ken-HFQE,VITAMIN B12,,C63H88CoN14O14P,1354.567399,HMDB0000607,C02823,HILIC,M+2H,678.2895,120,NA,17439,5582
Ken-HFQE,STACHYOSE,,C24H42O21,666.2218584,HMDB0003553,C01613,HILIC,M+Na,689.2111,250.2,439531,17164,6951
Ken-HFQE,"1,2-DIPALMITOYL-RAC-GLYCERO-3-PHOSPHOETHANOLAMINE",,C37H74NO8P,691.5152053,HMDB0008923,NA,HILIC,M+H,692.5225,30,445468,73005,NA
Ken-HFQE,STACHYOSE,,C24H42O21,666.2219,HMDB0003553,C01613,C18,M+Cl,701.1913,21,439531,17164,6951
Ken-HFQE,SPHINGOMYELIN,,C41H83N2O6P,730.5988754,HMDB0001348,NA,HILIC,M+H,731.6062,37.4,6453725,83358,NA
Ken-HFQE,BETA-NICOTINAMIDE ADENINE DINUCLEOTIDE PHOSPHATE,,C21H28N7O17P3,743.0755,HMDB0000217,C00006,C18,M-H,742.068174,30,5885,44409,NA
Ken-HFQE,THYROXINE,,C15H11I4NO4,776.6867,HMDB0000248,C01829,C18,M-H,775.679444,72,NA,18332,NA
Ken-HFQE,THYROXINE,,C15H11I4NO4,776.6866815,HMDB0000248,C01829,HILIC,M+H,777.694,38.2,NA,18332,NA
Ken-HFQE,FLAVIN ADENINE DINUCLEOTIDE,,C27H33N9O15P2,785.1571,HMDB0001248,C00016,C18,M-H,784.149864,16.8,643975,16238,6106
Ken-HFQE,FLAVIN ADENINE DINUCLEOTIDE,,C27H33N9O15P2,785.1571345,HMDB0001248,C00016,HILIC,M+H,786.1644,15,643975,16238,6106